start_date,start_time,end_date,end_time,start_freq,end_freq,Loc,NOAA,Imp,cme_date,cme_time,CPA,Width,Speed,Plots,is_halo,width_is_lower_bound
1996/05/15,05:45,05/15,06:34,10000,500,,,,,,,,,PHTX uncertain,False,False
1997/01/20,08:56,01/20,09:02,14000,12000,,,,01/20,09:31,281,72,175,PHTX,False,False
1997/04/01,14:00,04/01,14:15,8000,4000,S25E16,8026,M1.3,04/01,15:18,74,79,312,PHTX,False,False
1997/04/07,14:30,04/07,17:30,11000,1000,S28E19,8027,C6.8,04/07,14:27,,360,878,PHTX,True,False
1997/05/12,05:15,05/14,16:00,12000,80,N21W08,8038,C1.3,05/12,05:30,,360,464,PHTX,True,False
1997/05/21,20:20,05/21,22:00,5000,500,N05W12,8040,M1.3,05/21,21:00,263,165,296,PHTX,False,False
1997/09/23,21:53,09/23,22:16,6000,2000,S29E25,8088,C1.4,09/23,22:02,133,155,712,PHTX,False,False
1997/11/03,05:15,11/03,12:00,14000,250,S20W13,8100,C8.6,11/03,05:28,240,109,227,PHTX,False,False
1997/11/03,10:30,11/03,11:30,14000,5000,S16W21,8100,M4.2,11/03,11:11,233,122,352,PHTX,False,False
1997/11/04,06:00,11/05,04:30,14000,100,S14W33,8100,X2.1,11/04,06:10,,360,785,PHTX,True,False
1997/11/06,12:20,11/07,08:30,14000,100,S18W63,8100,X9.4,11/06,12:10,,360,1556,PHTX,True,False
1997/11/27,13:30,11/27,14:00,14000,7000,N17E63,8113,X2.6,11/27,13:56,98,91,441,PHTX,False,False
1997/12/12,22:45,12/12,23:20,14000,8000,N25W52,8116,B9.4,12/13,00:26,278,73,191,PHTX,False,False
1998/01/25,15:03,01/25,15:18,14000,10000,N21E25,8141,C1.1,01/25,15:26,,360,693,PHTX,True,False
1998/03/29,03:40,03/29,03:52,14000,7000,S90b,DIM,,03/29,03:48,,360,1397,PHTX,True,False
1998/04/20,10:25,04/22,06:00,10000,35,S22W90,8194,M1.4,04/20,10:07,284,165,1863,PHTX,False,False
1998/04/23,06:00,04/23,15:30,14000,200,S17E90,8210,X1.2,04/23,05:55,,360,1691,PHTX,True,False
1998/04/24,09:17,04/24,09:25,4700,2600,S20E90,8210,C8.9,04/24,08:55,100,84,1184,PHTX uncertain,False,False
1998/04/27,09:20,04/27,10:00,10000,1000,S16E50,8210,X1.0,04/27,08:56,,360,1385,PHTX,True,False
1998/04/29,16:30,04/29,17:00,10000,2000,S18E20,8210,M6.8,04/29,16:58,,360,1374,PHTX,True,False
1998/05/02,14:25,05/02,14:50,5000,3000,S15W15,8210,X1.1,05/02,14:06,,360,938,PHTX,True,False
1998/05/06,08:23,05/06,08:35,14000,5000,S11W65,8210,X2.7,05/06,08:29,309,190,1099,PHTX,False,False
1998/05/09,03:35,05/09,10:00,9000,400,S14W89,8210,M7.7,05/09,03:35,262,178,2331,PHTX,False,False
1998/05/11,21:40,05/11,22:00,10000,1000,N32W90,8214,B6.6,05/11,21:55,208,301,830,PHTX,False,True
1998/05/19,10:00,05/19,11:30,14000,3000,N23W43,8222,B5.7,05/19,10:27,268,139,801,PHTX,False,False
1998/05/27,13:30,05/27,14:20,4000,1000,N19W62,8226,C7.5,05/27,13:45,175,268,878,PHTX,False,False
1998/06/11,10:15,06/11,10:20,8000,4000,N16E86,8243,M1.4,06/11,10:28,123,177,1223,PHTX,False,False
1998/06/16,18:20,06/17,21:00,12000,50,S22W90,8232,M1.0,06/16,18:27,341,281,1484,PHTX,False,False
1998/06/20,19:39,06/20,20:00,2600,1800,BACK,,,06/20,18:20,,360,964,PHTX uncertain,True,False
1998/06/22,07:15,06/22,09:20,6000,2000,N16W46,8243,C2.9,06/22,05:01,265,59,206,PHTX,False,False
1998/07/08,01:30,07/08,02:00,11000,6000,,,,,,,,,PHTX SOHO Data Gap,False,False
1998/08/18,23:00,08/18,23:40,14000,2000,N33E87,8307,X4.9,,,,,,PHTX SOHO Data Gap,False,False
1998/08/24,22:05,08/26,06:20,14000,30,N35E09,8307,X1.0,,,,,,PHTX SOHO Data Gap,False,False
1998/08/31,15:37,08/31,16:25,4000,1500,N32W69,8307,M1.5,,,,,,PHTX SOHO Data Gap,False,False
1998/09/20,04:00,09/20,04:45,14000,2000,,,M1.8,,,,,,PHTX SOHO Data Gap,False,False
1998/09/20,08:50,09/20,09:30,2000,1500,,,,,,,,,PHTX SOHO Data Gap,False,False
1998/09/23,07:20,09/24,23:20,2000,30,N18E09,8340,M7.1,,,,,,PHTX SOHO Data Gap,False,False
1998/09/30,13:20,10/02,07:00,14000,50,,,,,,,,,PHTX SOHO Data Gap,False,False
1998/11/02,14:00,11/02,14:40,14000,4000,S25E44,8373,C4.4,11/02,14:18,116,169,661,PHTX,False,False
1998/11/05,22:00,11/07,08:00,5000,50,N22W18,8375,M8.4,11/05,20:44,,360,1118,PHTX,True,False
1998/11/06,03:00,11/06,05:30,5000,1000,N03W08,DIM,,11/06,02:18,159,160,405,PHTX,False,True
1998/11/07,00:20,11/07,00:50,14000,6000,BACK,,,11/07,01:54,296,19,381,PHTX,False,False
1998/11/08,11:20,11/08,11:30,10000,8000,S21W37,DIM,C5.9,11/08,11:54,264,196,559,PHTX,False,False
1998/12/18,17:50,12/18,18:15,14000,5000,N19E64,8415,M8.0,12/18,18:09,,360,1749,PHTX,True,False
1999/01/11,22:03,01/11,22:13,4500,3200,,,C1.3,,,,,,PHTX SOHO Data Gap,False,False
1999/01/20,19:18,01/20,19:46,14000,2000,,,M5.2,,,,,,PHTX SOHO Data Gap,False,False
1999/04/24,13:50,04/25,00:00,3700,100,NW90b,DIM,,04/24,13:31,,360,1495,PHTX,True,False
1999/05/03,05:50,05/03,08:45,8000,200,N15E32,8525,M4.4,05/03,06:06,,360,1584,PHTX,True,False
1999/05/27,10:55,05/28,10:00,14000,70,W90b,DIM,,05/27,11:06,,360,1691,PHTX,True,False
1999/06/01,18:50,06/02,09:00,14000,400,NW90b,8551,,06/01,19:37,,360,1772,PHTX,True,False
1999/06/04,07:05,06/05,01:00,14000,60,N17W69,8552,M3.9,06/04,07:26,289,150,2230,PHTX,False,False
1999/06/11,11:45,06/11,17:00,14000,400,N41E97,8585,C8.8,06/11,11:26,35,181,1569,PHTX,False,True
1999/06/22,18:25,06/22,18:40,3000,2000,N22E37,8592,M1.7,06/22,18:54,,360,1133,PHTX,True,False
1999/06/23,05:50,06/23,07:10,12000,2000,SW90b,DIM,,06/23,06:06,264,154,450,PHTX,False,True
1999/06/23,07:07,06/23,07:14,14000,2000,N23E42,8596,M1.7,06/23,07:31,,360,1006,PHTX uncertain,True,False
1999/06/28,21:03,06/28,21:10,3500,1500,N22W44,8592,C3.5,06/28,21:30,336,184,903,PHTX,False,True
1999/06/29,19:20,06/29,19:55,14000,2000,S14E01,8603,M1.6,06/29,19:54,,360,560,PHTX,True,False
1999/07/05,03:10,07/05,04:05,2000,1000,SW90b,8603,C7.6,07/05,02:54,284,190,670,PHTX,False,False
1999/08/28,18:25,08/28,18:33,16000,12000,S26W14,8674,X1.1,08/28,18:26,120,245,462,PHTX,False,False
1999/09/03,03:00,09/03,04:10,2000,1000,S36W24,8679,C2.1,09/03,00:06,184,175,512,PHTX,False,False
1999/09/10,07:30,09/10,07:35,5500,2000,NW90b,DIM,,09/10,07:54,18,125,1467,PHTX,False,False
1999/10/14,09:10,10/14,10:00,14000,4000,N11E32,8731,X1.8,10/14,09:26,,360,1250,PHTX,True,False
1999/10/17,23:27,10/17,23:33,11500,10000,N03E38,DIM,,10/18,00:06,40,87,247,PHTX,False,False
1999/11/16,03:27,11/16,03:48,7000,4000,N17E38,8766,M3.8,11/16,03:06,81,98,636,PHTX,False,False
1999/11/16,05:17,11/16,05:34,14000,7000,N08W39,8759,M1.8,11/16,05:30,285,129,712,PHTX,False,False
2000/01/18,17:31,01/18,22:00,14000,500,S19E11,8831,M3.9,01/18,17:54,,360,739,PHTX,True,False
2000/01/28,20:20,01/28,20:24,2200,1100,S31W17,8841,C4.7,01/28,20:12,,360,1177,PHTX,True,False
2000/02/05,19:34,02/05,19:38,5800,2900,N26E52,8858,X1.2,02/05,19:54,60,76,632,PHTX,False,False
2000/02/08,09:05,02/11,02:20,12000,20,N25E26,8858,M1.3,02/08,09:30,,360,1079,PHTX,True,False
2000/02/10,01:55,02/10,02:00,14000,8000,N31E04,8858,C7.3,02/10,02:30,,360,944,PHTX,True,False
2000/02/12,03:55,02/12,09:20,4000,400,N26W23,8858,M1.7,02/12,04:31,,360,1107,PHTX,True,False
2000/02/17,20:42,02/18,22:12,14000,100,S29E07,8872,M1.3,02/17,21:30,,360,728,PHTX,True,False
2000/02/18,09:38,02/18,09:54,2000,1200,NW90b,DIM,C1.1,02/18,09:54,286,118,890,PHTX,False,False
2000/03/02,13:50,03/02,14:03,14000,6000,S20W58,8882,M6.5,03/02,13:54,235,76,835,PHTX,False,False
2000/03/07,16:24,03/07,16:48,14000,4500,S22E77,8906,M1.2,03/07,16:30,120,108,644,PHTX,False,False
2000/03/27,06:56,03/27,06:58,14000,10000,S00E90,8932,C2.3,03/27,07:31,129,90,487,PHTX,False,False
2000/04/04,15:45,04/04,16:00,14000,9000,N16W66,8933,C9.7,04/04,16:32,,360,1188,PHTX,True,False
2000/04/09,23:15,04/09,23:45,4500,1000,S14W01,8948,M3.1,04/10,00:30,,360,409,PHTX,True,False
2000/04/18,15:00,04/18,16:00,14000,6000,S44W26,EP,,04/18,14:54,195,105,668,PHTX,False,False
2000/05/04,11:10,05/04,13:00,6500,1000,S17W87,8970,M6.8,05/04,11:26,235,170,1404,PHTX,False,True
2000/05/05,16:35,05/05,17:30,14000,2500,S17W87,8970,M1.5,05/05,15:50,,360,1594,PHTX,True,False
2000/05/07,21:15,05/07,24:00,14000,500,W90b,DIM,,05/07,20:50,,360,1781,PHTX,True,False
2000/05/12,23:34,05/12,23:42,14000,7000,E90b,DIM,,05/12,23:26,,360,2604,PHTX,True,False
2000/05/15,16:47,05/16,14:00,4800,40,S24W67,8993,C7.8,05/15,16:26,257,165,1212,PHTX,False,True
2000/06/02,22:00,06/02,22:15,14000,8000,N16E60,9026,M7.6,06/02,21:30,69,104,547,PHTX,False,False
2000/06/06,15:20,06/08,09:00,14000,40,N20E18,9026,X2.3,06/06,15:54,,360,1119,PHTX,True,False
2000/06/10,17:15,06/10,18:45,10000,1000,N22W38,9026,M5.2,06/10,17:08,,360,1108,PHTX,True,False
2000/06/15,19:52,06/15,19:56,5000,2500,N20W65,9041,M1.8,06/15,20:06,298,116,1081,PHTX,False,False
2000/06/17,03:00,06/17,04:15,14000,1000,N22W72,9041,M3.5,06/17,03:28,298,133,857,PHTX,False,False
2000/06/23,14:40,06/23,15:05,14000,2000,N26W72,9042,M3.0,06/23,14:54,282,198,847,PHTX,False,True
2000/06/25,08:10,06/25,09:00,12000,2500,N16W55,9046,M1.9,06/25,07:54,262,165,1617,PHTX,False,False
2000/07/10,22:00,07/10,23:30,14000,1000,N18E49,9077,M5.7,07/10,21:50,67,289,1352,PHTX,False,True
2000/07/11,13:00,07/11,13:30,12000,1000,N18E27,9077,X1.0,07/11,13:27,,360,1078,PHTX,True,False
2000/07/12,20:05,07/12,20:35,6000,1000,N19W61,9070,M1.5,07/12,20:30,281,101,820,PHTX,False,False
2000/07/14,10:30,07/15,14:30,14000,80,N22W07,9077,X5.7,07/14,10:54,,360,1674,PHTX,True,False
2000/07/22,11:45,07/22,12:45,14000,2000,N14W56,9085,M3.7,07/22,11:54,259,229,1230,PHTX,False,True
2000/08/11,11:35,08/11,11:59,2800,2000,NW90b,DIM,,08/11,07:31,273,70,1071,PHTX uncertain,False,False
2000/09/12,12:00,09/13,12:20,14000,60,S19W06,EP,,09/12,11:54,,360,1550,PHTX,True,False
2000/09/12,18:15,09/12,19:00,2000,1000,NE90b,DIM,,09/12,17:30,,360,1053,PHTX,True,False
2000/09/16,04:30,09/16,10:30,14000,400,N14W07,9165,M5.9,09/16,05:18,,360,1215,PHTX,True,False
2000/09/19,08:45,09/19,10:20,12000,1500,N14W46,9165,M5.1,09/19,08:50,283,76,766,PHTX,False,False
2000/09/25,02:20,09/25,03:00,14000,1000,N09W18,9169,M1.8,09/25,02:50,,360,587,PHTX,True,False
2000/10/16,07:10,10/16,08:00,14000,1000,N03W90,9182,M2.5,10/16,07:27,,360,1336,PHTX,True,False
2000/10/25,09:30,10/25,24:00,10000,300,N09W63,9199,C4.0,10/25,08:26,,360,770,PHTX,True,False
2000/11/03,18:35,11/03,18:45,4000,2500,N02W02,9213,C3.2,11/03,18:26,,360,291,PHTX,True,False
2000/11/08,23:20,11/09,12:00,4000,200,N10W77,9213,M7.4,11/08,23:06,271,170,1738,PHTX,False,True
2000/11/09,16:15,11/11,04:00,10000,40,S11E10,9221,M1.0,,,,,,PHTX CME_not_measurable_due_to_the_Snow_Storm,False,False
2000/11/12,14:25,11/12,14:40,3000,2000,S14E05,9227,C4.4,11/12,14:50,257,50,581,PHTX,False,False
2000/11/23,08:16,11/23,08:35,14000,9000,S26W40,9238,C5.4,11/23,06:06,,360,492,PHTX,True,False
2000/11/23,21:00,11/23,21:06,3500,3000,S20E60,9239,C7.9,11/23,21:30,124,148,1198,PHTX,False,False
2000/11/24,05:10,11/24,15:00,14000,100,N20W05,9236,X2.0,11/24,05:30,,360,1289,PHTX,True,False
2000/11/24,15:25,11/24,22:00,14000,200,N22W07,9236,X2.3,11/24,15:30,,360,1245,PHTX,True,False
2000/11/24,22:24,11/24,22:36,4000,3000,N21W14,9236,X1.8,11/24,22:06,,360,1005,PHTX,True,False
2000/11/25,01:25,11/25,02:25,14000,3000,N07E50,9240,M8.2,11/25,01:31,,360,2519,PHTX,True,False
2000/11/25,19:00,11/25,19:35,6000,2000,N20W23,9236,X1.9,11/25,19:31,,360,671,PHTX,True,False
2000/11/25,19:55,11/25,20:25,13000,4000,N20W27,9236,,11/25,21:30,345,59,388,PHTX,False,False
2000/11/26,17:00,11/26,17:15,14000,7000,N18W38,9236,X4.0,11/26,17:06,,360,980,PHTX,True,False
2000/12/28,12:40,12/28,13:38,14000,1900,BACK,,,12/28,12:06,,360,930,PHTX,True,False
2001/01/20,19:12,01/20,19:16,14000,6000,S07E40,9313,M1.2,01/20,19:31,,360,839,PHTX,True,False
2001/01/20,21:30,01/20,24:00,14000,500,S07E46,9313,M7.7,01/20,21:30,,360,1507,PHTX,True,False
2001/01/26,12:06,01/26,14:20,14000,400,S23W57,9320,C1.6,01/26,12:06,276,176,928,PHTX,False,False
2001/01/28,15:45,01/28,17:00,14000,200,S04W59,9313,M1.5,01/28,15:54,,360,916,PHTX,True,False
2001/02/11,01:40,02/11,01:55,12000,5500,N24W57,9346,C6.5,02/11,01:31,,360,1183,PHTX,True,False
2001/03/10,04:18,03/10,04:32,14000,4000,N27W42,9368,M6.7,03/10,04:26,297,81,819,PHTX,False,False
2001/03/12,05:35,03/12,05:45,3000,1500,BACK,,,03/12,05:50,233,48,829,PHTX,False,False
2001/03/27,02:35,03/27,03:15,6000,1000,N14E17,9393,C7.3,03/27,02:06,154,60,300,PHTX,False,False
2001/03/27,15:00,03/27,15:20,4000,1500,N15E14,9393,C5.6,03/27,17:06,46,66,340,PHTX,False,False
2001/03/29,10:12,03/30,06:00,4000,60,N20W19,9393,X1.7,03/29,10:26,,360,942,PHTX,True,False
2001/04/02,11:30,04/02,12:00,14000,5000,N20W70,9393,X1.1,04/02,11:26,270,80,992,PHTX,False,False
2001/04/02,22:05,04/03,02:30,14000,250,N19W72,9393,X20.,04/02,22:06,261,244,2505,PHTX,False,False
2001/04/03,03:40,04/03,07:25,14000,400,S21E83,9415,X1.2,04/03,03:26,108,292,1613,PHTX,False,False
2001/04/04,09:50,04/04,10:10,13000,3000,S21E68,9415,M1.6,04/04,09:50,86,89,1065,PHTX,False,False
2001/04/05,09:14,04/05,09:34,14000,7500,N14W85,9393,M8.4,04/05,09:06,283,205,1750,PHTX uncertain,False,False
2001/04/06,19:35,04/07,01:50,14000,230,S21E31,9415,X5.6,04/06,19:30,,360,1270,"PHTX Double type II, CME-CME interaction?",True,False
2001/04/09,15:53,04/10,01:00,12000,100,S21W04,9415,M7.9,04/09,15:54,,360,1192,PHTX,True,False
2001/04/10,05:24,04/10,24:00,14000,100,S23W09,9415,X2.3,04/10,05:30,,360,2411,PHTX,True,False
2001/04/11,13:15,04/11,14:15,14000,1500,S22W27,9415,M2.3,04/11,13:31,,360,1103,PHTX,True,False
2001/04/12,10:36,04/12,10:40,14000,7000,S19W43,9415,X2.0,04/12,10:31,,360,1184,PHTX,True,False
2001/04/15,14:05,04/16,13:00,14000,40,S20W85,9415,X14.,04/15,14:06,245,167,1199,PHTX,False,False
2001/04/18,02:55,04/18,14:00,1000,100,SW90b,DIM,C2.2,04/18,02:30,,360,2465,PHTX,True,False
2001/04/26,12:40,04/28,05:00,5000,20,N20W05,9433,M1.5,04/26,12:30,,360,1006,PHTX,True,False
2001/05/07,12:00,05/07,13:50,2000,280,NW90b,DIM,,05/07,12:06,286,205,1223,PHTX,False,False
2001/05/12,23:52,05/13,00:12,3000,1000,S17E00,9455,M3.0,05/13,02:21,190,132,527,PHTX,False,False
2001/05/30,00:25,05/30,01:38,14000,1000,E90b,9481,,05/30,00:06,70,216,2087,PHTX,False,False
2001/06/15,10:50,06/15,11:15,7000,3000,S26E41,9502,M6.3,06/15,10:31,185,119,1090,PHTX,False,False
2001/06/15,16:05,06/15,16:20,14000,3500,W90b,DIM,,06/15,15:56,,360,1701,PHTX,True,False
2001/08/16,00:10,08/16,16:10,5400,150,BACK,,,08/15,23:54,,360,1575,PHTX,True,False
2001/08/25,16:50,08/25,23:00,8000,170,S17E34,9591,X5.3,08/25,16:50,,360,1433,PHTX,True,False
2001/08/30,20:43,08/30,20:47,12000,10000,N15E44,9601,M3.0,08/30,21:26,82,76,351,PHTX,False,False
2001/09/03,18:48,09/03,19:00,12000,7500,S23E90,9607,M2.5,09/03,18:35,127,207,1352,PHTX,False,False
2001/09/15,11:50,09/15,12:05,14000,6000,S21W49,9608,M1.5,09/15,11:54,263,130,478,PHTX,False,False
2001/09/16,13:50,09/16,14:10,3000,2000,S13E15,9616,C8.9,09/16,14:30,131,68,584,PHTX,False,False
2001/09/17,08:35,09/17,08:47,14000,5400,S14E04,9616,M1.5,09/17,08:54,198,166,1009,PHTX,False,False
2001/09/20,18:43,09/20,18:57,14000,10000,N09W11,9631,M1.5,09/20,19:31,306,207,446,PHTX,False,False
2001/09/24,10:45,09/25,20:00,7000,30,S16E23,9632,X2.6,09/24,10:30,,360,2402,PHTX,True,False
2001/09/27,08:15,09/28,07:00,4000,80,S15W40,9628,C9.5,09/27,08:06,224,138,669,PHTX,False,False
2001/10/01,06:51,10/01,18:30,2500,150,S24W81,9628,M9.1,10/01,05:30,,360,1405,PHTX,True,False
2001/10/05,11:35,10/05,12:55,1400,500,SW90b,DIM,,10/05,10:30,,360,1537,PHTX,True,False
2001/10/09,11:15,10/09,16:00,14000,200,S28E08,9653,M1.4,10/09,11:30,,360,973,PHTX,True,False
2001/10/09,13:10,10/09,23:00,5000,50,BACK,,,,,,,,PHTX Possible HALO,False,False
2001/10/19,01:15,10/19,02:25,14000,1300,N16W18,9661,X1.6,10/19,01:27,,360,558,PHTX,True,False
2001/10/19,16:45,10/21,16:40,14000,30,N15W29,9661,X1.6,10/19,16:50,,360,901,PHTX,True,False
2001/10/22,15:15,10/22,17:40,8000,1200,S21E18,9672,M6.7,10/22,15:06,,360,1336,PHTX,True,False
2001/10/25,15:30,10/27,23:00,14000,30,S16W21,9672,X1.3,10/25,15:26,,360,1092,PHTX,True,False
2001/11/04,16:30,11/06,11:00,14000,70,N06W18,9684,X1.0,11/04,16:35,,360,1810,PHTX,True,False
2001/11/17,05:35,11/17,06:40,11000,1700,S13E42,9704,M2.8,11/17,05:30,,360,1379,PHTX uncertain,True,False
2001/11/22,20:50,11/22,22:23,8000,1000,S25W67,9698,M3.8,11/22,20:30,,360,1443,PHTX,True,False
2001/11/22,22:40,11/24,02:30,14000,40,S17W36,9704,M9.9,11/22,23:30,,360,1437,PHTX,True,False
2001/12/11,12:45,12/11,17:00,4500,750,S21W26,9727,,12/11,09:54,263,121,891,PHTX,False,False
2001/12/25,11:25,12/25,12:40,14000,1000,SE90b,DIM,,12/25,11:30,,360,1773,PHTX,True,False
2001/12/26,05:20,12/27,05:00,14000,150,N08W54,9742,M7.1,12/26,05:30,281,212,1446,PHTX,False,True
2001/12/28,20:35,12/29,03:00,14000,350,S26E90,9756,X3.4,12/28,20:30,,360,2216,PHTX,True,False
2001/12/29,20:45,12/29,21:05,3000,1500,N05W88,9742,M1.8,12/29,20:30,297,211,819,PHTX,False,True
2002/01/08,18:30,01/09,24:00,14000,90,NE90b,DIM,,01/08,17:54,,360,1794,PHTX,True,False
2002/01/14,06:25,01/14,21:30,12000,100,S28W83,9772,M4.4,01/14,05:35,,360,1492,PHTX,True,False
2002/01/27,12:49,01/27,13:25,14000,3000,W90b,DIM,,01/27,12:30,,360,1136,PHTX,True,False
2002/02/01,19:23,02/01,19:31,14000,11000,N26W07,DIM,,02/01,19:54,350,89,448,PHTX,False,False
2002/02/21,12:35,02/21,12:50,4000,1500,N16W79,9825,M3.9,02/21,12:54,275,108,358,PHTX,False,False
2002/03/11,00:00,03/11,00:15,14000,8000,S11E90,9866,M2.3,03/10,23:06,,360,1429,PHTX,True,False
2002/03/12,00:00,03/12,02:20,14000,2200,S15E45,9870,M5.0,03/11,23:30,,360,950,PHTX broad feature,True,False
2002/03/15,22:45,03/15,23:30,14000,6000,S08W03,9866,M2.2,03/15,23:06,,360,957,PHTX,True,False
2002/03/17,06:00,03/17,06:35,3000,1000,S20E24,9871,C3.1,03/17,04:06,141,56,658,PHTX,False,False
2002/03/18,02:55,03/18,05:35,14000,1000,S10W30,9873,M1.0,03/18,02:54,,360,989,PHTX,True,False
2002/03/22,11:30,03/22,12:40,14000,500,S09W90,9866,M1.6,03/22,11:06,,360,1750,PHTX,True,False
2002/03/22,13:10,03/22,13:35,3000,2000,S00W90,9866,M1.6,03/22,12:30,243,120,875,PHTX,False,False
2002/04/10,12:59,04/10,13:02,13000,12000,N15W14,9893,M8.2,04/10,13:27,340,159,650,PHTX,False,False
2002/04/14,07:50,04/14,08:10,14000,8000,N19W57,9893,C9.6,04/14,07:50,323,76,757,PHTX,False,False
2002/04/15,03:35,04/15,04:15,11000,1500,S15W01,9906,M1.2,04/15,03:50,,360,720,PHTX,True,False
2002/04/17,08:30,04/19,04:00,5000,40,S14W34,9906,M2.6,04/17,08:26,,360,1240,PHTX,True,False
2002/04/21,01:30,04/21,24:00,10000,60,S14W84,9906,X1.5,04/21,01:27,,360,2393,PHTX,True,False
2002/04/30,14:15,04/30,14:23,4000,2500,S16E77,9934,C3.2,04/30,14:26,92,90,618,PHTX,False,False
2002/04/30,22:30,04/30,23:20,2000,500,W90b,DIM,,04/30,23:26,254,199,1103,PHTX uncertain,False,False
2002/05/02,23:50,05/03,00:10,2800,900,E90b,,,05/02,23:18,119,99,902,PHTX uncertain,False,False
2002/05/16,01:50,05/16,03:30,9000,2000,S22E01,9948,C4.5,05/16,00:50,,360,600,PHTX,True,False
2002/05/22,00:00,05/22,00:30,14000,8000,S25W64,9948,C9.7,05/22,00:06,230,186,1246,PHTX,False,False
2002/05/27,12:50,05/27,13:50,14000,5000,N18E18,9967,C3.7,05/27,13:27,49,161,1106,PHTX,False,True
2002/07/07,11:35,07/07,20:00,14000,200,S19W90,10017,M1.0,07/07,11:30,277,228,1423,PHTX,False,True
2002/07/09,19:46,07/09,20:40,1000,650,W90b,DIM,,07/09,19:31,,360,1076,PHTX,True,False
2002/07/15,21:15,07/16,05:00,5000,175,N19W01,10030,M1.8,07/15,21:30,14,188,1300,PHTX,False,True
2002/07/17,07:30,07/17,07:45,3500,2000,N21W17,10030,M8.5,07/17,07:31,36,177,716,PHTX,False,False
2002/07/18,07:55,07/18,08:45,14000,1500,N19W30,10030,X1.8,07/18,08:06,,360,1099,PHTX,True,False
2002/07/18,20:55,07/18,21:40,6000,3000,E90b,10036,C3.3,07/18,19:31,,360,2191,PHTX,True,False
2002/07/19,16:40,07/19,17:10,5000,1000,S15E90,,,07/19,16:30,,360,2047,PHTX,True,False
2002/07/20,21:30,07/20,22:20,10000,2000,S13E90,10039,X3.3,07/20,22:06,,360,1941,PHTX,True,False
2002/07/23,00:50,07/23,04:00,11000,400,S13E72,10039,X4.8,07/23,00:42,,360,2285,PHTX,True,False
2002/07/26,22:27,07/26,23:30,14000,2000,S19E26,10039,M8.7,07/26,22:06,,360,818,PHTX,True,False
2002/07/29,12:10,07/29,12:45,4200,1300,N35W33,EP,,07/29,12:07,13,236,562,PHTX,False,True
2002/08/03,19:20,08/03,20:30,14000,2000,S16W76,10039,X1.0,08/03,19:31,259,138,1150,PHTX,False,False
2002/08/14,02:20,08/14,24:00,1000,30,N09W54,10061,M2.3,08/14,02:30,297,133,1309,PHTX,False,False
2002/08/16,06:15,08/16,09:30,14000,300,N07W83,10061,M2.4,08/16,06:06,293,162,1378,PHTX,False,False
2002/08/16,12:20,08/17,21:00,14000,60,S14E20,10069,M5.2,08/16,12:30,,360,1585,PHTX,True,False
2002/08/22,02:50,08/22,04:13,14000,3500,S07W62,10069,M5.4,08/22,02:06,,360,998,"PHTX Faint, broad feature",True,False
2002/08/24,01:45,08/24,03:25,5000,400,S02W81,10069,X3.1,08/24,01:27,,360,1913,PHTX,True,False
2002/09/05,16:55,09/07,16:22,14000,30,N09E28,10102,C5.2,09/05,16:54,,360,1748,PHTX,True,False
2002/09/10,15:19,09/10,16:00,14000,8500,S10E43,10105,M2.9,09/10,15:30,127,38,273,PHTX,False,False
2002/09/27,13:35,09/27,14:30,14000,8000,N13E45,10134,M1.8,09/27,13:56,64,64,591,PHTX,False,False
2002/10/13,18:10,10/13,18:40,14000,4000,S07W54,10150,C4.7,10/13,19:35,252,141,373,PHTX,False,False
2002/10/14,00:19,10/14,02:00,1700,500,S13E75,10159,M2.2,10/13,23:54,107,264,1009,PHTX uncertain,False,False
2002/10/14,14:35,10/14,16:50,14000,1200,NE90b,DIM,C4.5,10/14,14:54,,360,1694,PHTX,True,False
2002/10/27,23:06,10/28,01:20,14000,300,BACK,,,10/27,23:18,,360,2115,PHTX,True,False
2002/11/09,13:20,11/10,03:00,14000,100,S12W29,10180,M4.6,11/09,13:31,,360,1838,PHTX,True,False
2002/11/10,03:20,11/10,06:00,3000,300,S12W37,10180,M2.4,11/10,03:30,203,282,1670,PHTX,False,False
2002/11/11,16:15,11/11,17:50,14000,600,S13W60,10180,M1.8,11/11,15:54,212,93,1083,PHTX,False,False
2002/11/24,20:05,11/24,20:45,14000,7000,N20E35,EP,,11/24,20:30,,360,1077,PHTX,True,False
2002/12/19,21:45,12/19,22:30,14000,1500,N15W09,10229,M2.7,12/19,22:06,,360,1092,PHTX,True,False
2002/12/22,04:20,12/22,04:50,5500,3500,N23W42,10223,M1.1,12/22,03:30,328,272,1071,PHTX,False,False
2003/01/20,19:10,01/20,20:00,14000,6000,N44W38,EP,C1.7,01/20,18:30,315,105,733,PHTX,False,False
2003/01/27,22:20,01/27,22:26,11000,8000,S17W23,EP,C2.4,01/27,22:23,205,267,1053,PHTX,False,False
2003/03/18,12:25,03/18,13:45,4500,500,S15W46,10314,X1.5,03/18,12:30,263,209,1601,PHTX,False,False
2003/03/18,13:55,03/18,14:10,14000,7000,S90b,DIM,,03/18,13:54,,360,1042,PHTX,True,False
2003/03/19,02:30,03/19,03:15,14000,6000,S90b,DIM,,03/19,02:30,,360,1342,PHTX,True,False
2003/04/22,07:25,04/22,08:22,3500,700,NE90b,DIM,,04/22,07:36,87,171,918,PHTX,False,False
2003/05/27,23:12,05/27,23:45,14000,2000,S07W17,10365,X1.3,05/27,23:50,,360,964,PHTX,True,False
2003/05/28,01:00,05/29,00:30,1000,200,S07W20,10365,X3.6,05/28,00:50,,360,1366,PHTX,True,False
2003/05/29,01:10,05/29,08:00,13000,200,S06W37,10365,X1.2,05/29,01:27,,360,1237,PHTX,True,False
2003/05/31,03:00,05/31,08:00,1000,150,S07W65,10365,M9.3,05/31,02:30,,360,1835,PHTX,True,False
2003/06/05,00:00,06/05,00:00,,,W90b,DIM,,06/05,20:06,230,239,1458,PHTX uncertain,False,False
2003/06/16,00:00,06/16,03:00,14000,400,S07E80,10386,X1.3,06/15,23:54,,360,2053,PHTX,True,False
2003/06/17,22:50,06/18,05:30,10000,200,S07E55,10386,M6.8,06/17,23:18,,360,1813,PHTX,True,False
2003/07/10,14:10,07/10,16:10,4000,400,N13W90,10397,M3.6,,,,,,PHTX LASCO_DATA_GAP,False,False
2003/08/19,11:15,08/19,12:00,14000,1000,S10W57,10431,M2.7,08/19,10:30,262,111,468,PHTX,False,False
2003/10/21,04:10,10/21,04:55,5000,1000,E90b,,,10/21,03:54,,360,1484,PHTX,True,False
2003/10/26,07:00,10/26,09:15,8000,1500,S15E44,10486,X1.2,10/26,06:54,108,207,1371,PHTX,False,True
2003/10/26,17:45,10/26,19:40,14000,1500,N02W38,10484,X1.2,10/26,17:54,270,171,1537,PHTX,False,True
2003/10/28,11:10,10/29,24:00,14000,40,S16E08,10486,X17.,10/28,11:30,,360,2459,PHTX,True,False
2003/10/29,20:55,10/29,24:00,11000,500,S15W02,10486,X10.,10/29,20:54,,360,2029,PHTX,True,False
2003/11/01,22:55,11/02,00:50,14000,2000,S12W60,10486,M3.2,11/01,23:06,254,93,899,PHTX,False,True
2003/11/02,09:23,11/02,11:22,14000,550,SW90b,DIM,,11/02,09:30,,360,2036,PHTX,True,False
2003/11/02,17:30,11/03,01:00,12000,250,S14W56,10486,X8.3,11/02,17:30,,360,2598,PHTX,True,False
2003/11/03,01:15,11/03,01:25,3000,1500,N10W83,10488,X2.7,11/03,01:59,304,65,827,PHTX,False,False
2003/11/03,10:00,11/03,12:30,6000,400,N08W77,10488,X3.9,11/03,10:06,293,103,1420,PHTX,False,False
2003/11/04,20:00,11/04,24:00,10000,200,S19W83,10486,X28.,11/04,19:54,,360,2657,PHTX,True,False
2003/11/09,00:00,11/09,00:00,,,E90b,DIM,,11/09,06:30,,360,2008,PHTX,True,False
2003/11/11,00:00,11/11,00:00,,,W90b,DIM,,11/11,02:30,,360,1359,PHTX,True,False
2003/11/13,09:35,11/13,10:50,14000,4000,N12E90,10501,M1.4,11/13,09:30,49,217,1141,PHTX,False,False
2003/11/17,09:05,11/17,09:20,4000,1500,S01E33,10501,M4.2,11/17,09:26,72,242,1061,PHTX,False,True
2003/11/18,00:00,11/18,00:00,,,N00E18,10501,M3.9,11/18,08:50,,360,1660,PHTX,True,False
2003/11/18,10:15,11/18,11:30,5000,2000,S16E90,10508,M4.5,11/18,09:50,95,197,1824,PHTX,False,True
2003/12/02,11:00,12/02,12:00,14000,9000,S14W70,10508,C7.2,12/02,10:50,261,150,1393,PHTX,False,True
2004/01/05,03:40,01/05,03:50,9000,2500,S12E38,10536,M6.9,,,,,,PHTX LASCO_DATA_GAP,False,False
2004/01/06,06:40,01/06,07:23,14000,2000,N05E90,10537,M5.8,01/06,08:53,88,166,1469,PHTX PARTIAL LASCO_DATA_GAP,False,False
2004/01/07,04:15,01/07,06:15,14000,750,N02E82,10537,M4.5,01/07,04:06,78,171,1581,PHTX,False,False
2004/01/07,10:35,01/07,11:35,14000,1500,N06E75,10537,M8.3,01/07,10:30,81,182,1822,PHTX,False,False
2004/04/06,13:05,04/06,16:00,8000,300,S18E15,10588,M2.4,04/06,13:31,,360,1368,PHTX,True,False
2004/04/08,10:25,04/08,12:50,3000,500,S15W11,10588,C7.4,04/08,10:30,,360,1068,PHTX,True,False
2004/04/08,13:30,04/08,14:00,6000,3000,S19W08,10588,C1.3,04/08,13:31,198,92,959,PHTX,False,False
2004/04/11,04:20,04/11,05:35,14000,500,S14W47,10588,C9.6,04/11,04:30,203,314,1645,PHTX,False,False
2004/06/02,23:13,06/02,23:55,14000,2100,W90b,DIM,,06/02,23:15,287,136,1102,PHTX,False,False
2004/06/03,16:48,06/03,17:10,12000,5000,W90b,DIM,,06/03,16:50,303,179,1226,PHTX uncertain,False,False
2004/06/04,07:50,06/04,09:55,14000,2500,W90b,DIM,,06/04,07:50,309,273,1306,PHTX,False,True
2004/06/22,22:07,06/22,22:30,10000,7000,S12W24,10635,C1.7,,,,,,PHTX LASCO_DATA_GAP,False,False
2004/06/23,06:30,06/23,08:55,14000,5000,S09W21,10635,C2.5,,,,,,PHTX LASCO_DATA_GAP,False,False
2004/07/23,19:00,07/23,19:35,10000,2500,N04W05,10652,C4.1,07/23,19:31,209,100,874,PHTX,False,False
2004/07/25,15:00,07/26,22:25,1000,28,N08W33,10652,M1.1,07/25,14:54,,360,1333,PHTX,True,False
2004/07/29,13:20,07/30,20:30,1000,50,N00W90,10652,C2.1,07/29,12:06,,360,1180,PHTX,True,False
2004/07/31,07:10,07/31,11:30,1000,200,N05W89,10652,C8.4,07/31,05:54,259,197,1192,PHTX,False,True
2004/08/08,09:15,08/08,09:22,14000,7000,NE90b,,,08/08,08:54,,360,1004,PHTX,True,False
2004/09/12,00:45,09/13,21:00,14000,40,N03E49,10672,M4.8,09/12,00:36,,360,1328,PHTX,True,False
2004/09/19,17:15,09/19,18:15,14000,2500,N03W58,10672,M1.9,,,,,,PHTX LASCO_DATA_GAP,False,False
2004/10/24,03:12,10/24,03:21,14000,8000,N11E19,10687,C1.7,10/24,03:54,26,109,417,PHTX,False,True
2004/10/30,06:40,10/30,07:40,4000,1000,N13W22,10691,M4.2,10/30,06:54,,360,422,PHTX,True,False
2004/11/01,05:55,11/01,07:25,3000,400,W90b,DIM,,11/01,06:06,266,146,925,PHTX,False,False
2004/11/03,15:55,11/03,16:30,14000,3400,N09E38,10696,M5.0,11/03,16:06,,360,1068,PHTX,True,False
2004/11/03,03:35,11/03,04:10,2000,1200,N09E45,10696,M1.6,11/03,03:54,91,239,918,PHTX,False,True
2004/11/06,01:50,11/06,02:45,6000,700,N09E05,10696,M3.6,11/06,02:06,351,214,1111,PHTX,False,True
2004/11/07,16:25,11/08,20:00,14000,60,N09W17,10696,X2.0,11/07,16:54,,360,1759,PHTX,True,False
2004/11/09,17:35,11/09,18:10,14000,5000,N08W51,10696,M8.9,11/09,17:26,,360,2000,PHTX,True,False
2004/11/10,02:25,11/10,03:40,14000,1000,N09W49,10696,X2.5,11/10,02:26,,360,3387,PHTX,True,False
2004/12/03,00:07,12/04,04:30,10000,60,N08W02,10708,M1.5,12/03,00:26,,360,1216,PHTX,True,False
2004/12/08,20:05,12/08,20:10,14000,8000,N08W03,10709,C2.5,12/08,20:26,,360,611,PHTX,True,False
2004/12/29,16:35,12/29,17:00,14000,4500,N04E62,10715,M2.3,12/29,16:45,71,140,774,PHTX,False,False
2004/12/30,23:45,12/31,04:20,5000,700,N04E46,10715,M4.2,12/30,22:30,,360,1035,PHTX,True,False
2005/01/01,00:45,01/01,02:25,14000,450,N06E34,10715,X1.7,01/01,00:54,,360,832,PHTX,True,False
2005/01/04,11:20,01/04,11:35,13000,6000,N05W11,10715,C7.3,,,,,,PHTX Faint CME not measurable,False,False
2005/01/15,06:15,01/15,09:30,14000,150,N16E04,10720,M8.6,01/15,06:30,,360,2049,PHTX,True,False
2005/01/15,23:00,01/17,00:00,3000,40,N15W05,10720,X2.6,01/15,23:06,,360,2861,PHTX,True,False
2005/01/17,09:25,01/17,16:00,14000,30,N15W25,10720,X2.0,01/17,09:30,,360,2094,PHTX,True,False
2005/01/17,10:00,01/17,10:35,6100,1500,N15W25,10720,X3.8,01/17,09:54,,360,2547,PHTX CME-CME interaction,True,False
2005/01/19,09:20,01/20,00:00,5300,40,N15W51,10720,X1.3,01/19,08:29,,360,2020,PHTX,True,False
2005/01/20,07:15,01/20,16:30,14000,25,N14W61,10720,X7.1,01/20,06:54,,360,882,PHTX,True,False
2005/02/01,11:40,02/01,11:50,8000,4000,NE90b,,,02/01,11:06,,360,1380,PHTX,True,False
2005/05/02,22:40,05/02,23:00,14000,5500,S05E90,10758,C8.0,05/02,22:26,105,148,955,PHTX,False,False
2005/05/03,00:20,05/03,01:10,14000,1500,S05E90,10758,,05/03,00:26,82,66,978,PHTX,False,True
2005/05/06,17:52,05/06,18:03,5000,4000,S09E29,10758,C8.5,05/06,17:28,,360,1128,PHTX,True,False
2005/05/13,17:00,05/15,02:10,5000,40,N12E11,10759,M8.0,05/13,17:12,,360,1689,PHTX,True,False
2005/05/17,03:20,05/17,03:35,4500,1500,W90b,DIM,,05/17,03:06,252,89,311,PHTX,False,False
2005/06/03,12:50,06/03,15:00,10000,270,N15E90,10775,M1.0,06/03,12:32,,360,1679,PHTX,True,False
2005/06/16,20:25,06/16,21:40,9000,1000,N08W90,10775,M4.0,,,,,,PHTX LASCO_DATA_GAP,False,False
2005/07/07,16:30,07/07,16:40,4000,2000,N09E03,10786,M4.9,07/07,17:06,,360,683,PHTX,True,False
2005/07/09,22:15,07/09,23:00,14000,600,N12W28,10786,M2.8,07/09,22:30,,360,1540,PHTX,True,False
2005/07/13,14:15,07/13,15:05,14000,1000,N11W90,10786,M5.0,07/13,14:30,,360,1423,PHTX,True,False
2005/07/14,11:00,07/14,12:54,3000,800,N11W90,10786,X1.2,07/14,10:54,,360,2115,PHTX,True,False
2005/07/17,11:50,07/17,13:45,7000,300,NW90b,DIM,,07/17,11:30,,360,1527,PHTX,True,False
2005/07/24,13:50,07/24,22:30,14000,150,E90b,DIM,,07/24,13:54,,360,2528,PHTX,True,False
2005/07/24,22:35,07/24,22:40,1000,700,E90b,DIM,,07/24,22:30,,360,1234,PHTX,True,False
2005/07/27,05:20,07/27,06:45,1000,450,N11E90,10792,M3.7,07/27,04:54,,360,1787,PHTX,True,False
2005/07/27,07:45,07/27,08:30,2500,1000,NE90b,DIM,,07/27,07:54,65,51,533,PHTX,False,False
2005/07/30,07:40,07/30,20:00,9000,80,N12E60,10792,X1.3,07/30,06:50,,360,1968,PHTX,True,False
2005/08/01,14:15,08/01,14:50,14000,4500,N13E32,10792,M1.0,08/01,14:30,83,93,984,PHTX,False,False
2005/08/22,01:30,08/22,03:35,8000,550,S11W54,10798,M2.6,08/22,01:31,,360,1194,PHTX,True,False
2005/08/22,17:15,08/23,13:00,12000,40,S13W65,10798,M5.6,08/22,17:30,,360,2378,PHTX,True,False
2005/08/23,15:00,08/23,19:30,13000,400,S14W90,10798,M2.7,08/23,14:54,,360,1929,PHTX,True,False
2005/08/29,11:10,08/29,11:14,10000,6000,SW90b,DIM,,08/29,10:54,,360,1600,PHTX,True,False
2005/08/31,11:40,08/31,12:10,6000,800,N13W13,10803,C2.0,08/31,11:30,,360,825,PHTX,True,False
2005/08/31,22:10,08/31,23:00,14000,6000,BACK,,,08/31,22:30,,360,1808,PHTX,True,False
2005/09/03,03:20,09/03,05:15,2000,500,BACK,,,09/03,03:12,,360,1672,PHTX,True,False
2005/09/05,10:40,09/06,00:00,1500,60,S07E81,,C2.7,09/05,09:48,,360,2326,PHTX,True,False
2005/09/07,18:05,09/08,00:00,12000,200,S11E77,10808,X1.7,,,,,,PHTX LASCO_DATA_GAP,False,False
2005/09/09,19:45,09/09,22:00,10000,50,S12E67,10808,X6.2,09/09,19:48,,360,2257,PHTX,True,False
2005/09/10,21:45,09/11,01:00,14000,200,S13E47,10808,X2.1,09/10,21:52,,360,1893,PHTX,True,False
2005/09/11,13:10,09/11,15:15,3000,350,S16E39,10808,M3.0,09/11,13:00,,360,1922,PHTX,True,False
2005/09/13,20:20,09/15,06:00,1100,35,S09E10,10808,X1.5,09/13,20:00,,360,1866,PHTX,True,False
2006/04/30,16:20,05/02,01:00,1000,200,S09E08,10876,C1.8,04/30,09:54,,360,544,PHTX,True,False
2006/07/06,08:45,07/06,17:18,14000,300,S09W34,10898,M2.5,07/06,08:54,,360,911,PHTX,True,False
2006/08/16,15:45,08/16,22:15,14000,400,S16W08,10904,C3.6,08/16,16:30,,360,888,PHTX,True,False
2006/08/26,20:40,08/26,21:00,7000,2000,S10E08,10905,C2.5,08/26,20:57,164,208,786,PHTX WAVES Data Gap. Lower f may be 500 kHz.,False,False
2006/11/05,17:35,11/05,19:20,14000,400,E90b,DIM,,11/05,17:54,39,196,1398,PHTX,False,False
2006/11/06,10:35,11/06,11:05,14000,6000,E90b,DIM,,11/06,10:30,77,55,829,PHTX,False,False
2006/11/06,17:45,11/06,19:25,4000,300,E90b,10923,C8.8,11/06,17:54,,360,1994,PHTX,True,False
2006/12/05,10:50,12/05,20:00,14000,250,S07E68,10930,X9.0,,,,,,PHTX LASCO_DATA_GAP,False,False
2006/12/06,02:00,12/06,03:30,1000,200,S07E69,10930,M1.1,,,,,,PHTX LASCO_DATA_GAP,False,False
2006/12/06,08:30,12/06,09:45,4000,600,S04E63,10930,M6.0,,,,,,PHTX LASCO_DATA_GAP,False,False
2006/12/06,19:00,12/08,24:00,16000,30,S05E64,10930,X6.5,,,,,,PHTX LASCO_DATA_GAP,False,False
2006/12/13,02:45,12/13,10:40,12000,150,S06W23,10930,X3.4,12/13,02:54,,360,1774,PHTX,True,False
2006/12/14,22:30,12/14,23:40,14000,1500,S06W46,10930,X1.5,12/14,22:30,,360,1042,PHTX,True,False
2007/01/25,06:55,01/25,23:30,14000,90,S08E90,10940,C6.3,01/25,06:54,,360,1367,PHTX,True,False
2007/05/19,13:02,05/19,13:05,16000,13000,N07W06,10956,B9.5,05/19,13:24,260,106,958,PHTX,False,False
2007/12/31,01:05,12/31,01:22,16000,6000,S08E81,10980,C8.3,12/31,01:31,92,164,995,PHTX,False,False
2008/03/25,19:05,03/25,19:20,12000,800,S13E78,10989,M1.7,03/25,19:31,98,112,1103,PHTX,False,False
2008/04/26,14:23,04/26,14:39,7600,4900,N08E09,DIM,B3.8,04/26,14:30,65,281,515,PHTX uncertain,False,False
2010/08/01,09:20,08/01,17:30,2000,700,N20E36,11092,C3.2,,,,,,PHTX LASCO_DATA_GAP,False,False
2010/08/07,18:35,08/07,19:50,14000,700,N11E34,11093,M1.0,08/07,18:36,,360,871,PHTX,True,False
2010/08/18,06:05,08/18,07:45,13000,700,N18W88,11099,C4.5,08/18,05:48,255,184,1471,PHTX,False,False
2011/01/13,09:15,01/13,10:05,16000,3500,N25E114,11147,,01/13,09:36,79,122,664,PHTX,False,False
2011/01/27,12:20,01/27,12:35,16000,8000,N12W87,11149,C1.2,01/27,12:36,255,43,349,PHTX,False,False
2011/02/13,17:50,02/13,18:00,16000,8000,S20E04,11158,M6.6,02/13,18:36,359,276,373,PHTX,False,False
2011/02/15,02:10,02/15,07:00,16000,400,S20W12,11158,X2.2,02/15,02:24,,360,669,PHTX,True,False
2011/02/24,12:50,02/24,15:10,1000,700,N15E87,11163,M3.5,02/24,07:48,70,158,1186,PHTX,False,False
2011/03/07,14:30,03/07,15:00,16000,7000,N10E18,11166,M1.9,03/07,14:48,354,261,698,PHTX,False,False
2011/03/07,20:00,03/08,08:30,16000,200,N31W53,11164,M3.7,03/07,20:00,,360,2125,PHTX,True,False
2011/05/09,21:00,05/10,04:00,16000,900,N16E88,DIM,C5.4,05/09,20:57,55,292,1318,PHTX,False,False
2011/05/29,21:10,05/30,13:40,16000,90,S19E72,11227,C8.7,05/29,21:24,107,186,1407,PHTX,False,False
2011/06/02,08:00,06/02,08:25,15000,4000,S19E25,11227,C3.7,06/02,08:12,,360,976,PHTX,True,False
2011/06/04,07:00,06/04,13:45,16000,300,N16W144,11222,,06/04,06:48,,360,1407,PHTX,True,False
2011/06/04,22:00,06/07,01:30,16000,25,N16W153,11222,,06/04,22:05,,360,2425,PHTX,True,False
2011/06/07,06:45,06/07,18:00,16000,250,S21W54,11226,M2.5,06/07,06:49,,360,1255,PHTX,True,False
2011/06/21,03:07,06/21,03:21,10000,7000,N16W08,11236,C7.7,06/21,03:16,,360,719,PHTX,True,False
2011/08/02,06:15,08/02,07:30,16000,3000,N14W15,11261,M1.4,08/02,06:36,288,268,712,PHTX,False,False
2011/08/04,04:15,08/05,17:00,13000,60,N19W36,11261,M9.3,08/04,04:12,,360,1315,PHTX,True,False
2011/08/08,18:10,08/08,20:10,6000,400,N16W61,11263,M3.5,08/08,18:12,305,237,1343,PHTX,False,False
2011/08/09,08:20,08/09,08:35,16000,4000,N17W69,11263,X6.9,08/09,08:12,,360,1610,PHTX,True,False
2011/09/06,02:00,09/06,23:40,14000,200,N14W07,11283,M5.3,09/06,02:24,,360,782,PHTX,True,False
2011/09/06,22:30,09/07,15:40,16000,150,N14W18,11283,X2.1,09/06,23:05,,360,575,PHTX,True,False
2011/09/22,11:05,09/22,24:00,14000,70,N09E89,11302,X1.4,09/22,10:48,,360,1905,PHTX,True,False
2011/09/24,12:50,09/24,22:45,16000,300,N10E56,11302,M7.1,09/24,12:48,,360,1915,PHTX,True,False
2011/09/25,05:30,09/25,06:00,16000,8000,N11E47,11302,M7.4,09/25,05:12,98,193,788,PHTX,False,False
2011/10/21,13:15,10/21,13:50,16000,6500,N05W79,11319,M1.3,10/21,13:25,252,109,317,PHTX,False,False
2011/11/09,13:30,11/09,17:00,16000,400,N24E35,11343,M1.1,11/09,13:36,,360,907,PHTX,True,False
2011/11/17,20:44,11/17,21:02,12000,4000,N18E120,,,11/17,20:36,,360,1041,PHTX,True,False
2011/11/26,07:15,11/27,24:00,10000,50,N17W49,11353,C1.2,11/26,07:12,,360,933,PHTX,True,False
2011/12/21,03:00,12/21,08:15,16000,400,S22E151,,,12/21,03:12,,360,1064,PHTX,True,False
2011/12/25,18:45,12/25,18:55,14000,7000,S22W26,11387,M4.0,12/25,18:48,247,125,366,PHTX,False,False
2012/01/02,15:00,01/02,15:45,16000,4000,N08W104,,,01/02,15:12,,360,1138,PHTX,True,False
2012/01/19,15:00,01/20,02:45,16000,100,N32E22,11402,M3.2,01/19,14:36,,360,1120,PHTX,True,False
2012/01/23,04:00,01/24,15:00,16000,40,N28W21,11402,M8.7,01/23,04:00,,360,2175,PHTX,True,False
2012/01/27,18:30,01/28,04:45,16000,150,N27W71,11402,X1.7,01/27,18:27,,360,2508,PHTX,True,False
2012/03/05,04:00,03/05,12:20,16000,400,N17E52,11429,X1.1,03/05,04:00,,360,1531,PHTX,True,False
2012/03/07,01:00,03/08,19:00,16000,30,N17E27,11429,X5.4,03/07,00:24,,360,2684,PHTX,True,False
2012/03/09,04:10,03/09,06:05,14000,1000,N15W03,11429,M6.3,03/09,04:26,,360,950,PHTX,True,False
2012/03/10,17:55,03/11,12:30,14000,30,N17W24,11429,M8.4,03/10,18:00,,360,1296,PHTX,True,False
2012/03/13,17:35,03/13,24:00,16000,200,N17W66,11429,M7.9,03/13,17:36,,360,1884,PHTX,True,False
2012/03/18,00:20,03/18,01:20,16000,200,N18W116,,,03/18,00:24,,360,1210,PHTX,True,False
2012/03/24,00:40,03/24,10:40,16000,300,N18E164,,,03/24,00:24,,360,1152,PHTX,True,False
2012/03/26,23:15,03/26,23:55,16000,1500,N17E124,,,03/26,23:12,,360,1390,PHTX,True,False
2012/03/27,21:45,03/27,22:30,4000,1500,S24W100,11440,,03/27,22:00,261,101,622,PHTX,False,False
2012/04/09,12:20,04/09,13:00,16000,5000,N20W65,11451,C3.9,04/09,12:36,,360,921,PHTX,True,False
2012/04/15,02:30,04/15,02:50,16000,4000,N10E90,11461,C1.7,04/15,02:24,79,173,1220,PHTX,False,False
2012/05/17,01:40,05/17,06:20,16000,300,N11W76,11476,M5.1,05/17,01:48,,360,1582,PHTX,True,False
2012/05/26,20:50,05/26,23:35,16000,280,N15W121,,,05/26,20:57,,360,1966,PHTX SWAVES data,True,False
2012/07/04,17:00,07/04,17:20,14000,8000,N14W34,11513,M1.8,07/04,17:24,,360,662,PHTX,True,False
2012/07/05,22:40,07/05,23:50,3000,800,S12W46,11515,M1.6,07/05,22:00,220,94,980,PHTX,False,False
2012/07/06,23:10,07/07,03:40,16000,300,S13W59,11515,X1.1,07/06,23:24,,360,1828,PHTX,True,False
2012/07/08,16:35,07/08,22:00,16000,300,S17W74,11515,M6.9,07/08,16:54,212,157,1495,PHTX,False,False
2012/07/12,16:45,07/13,09:00,14000,250,S15W01,11520,X1.4,07/12,16:48,,360,885,PHTX,True,False
2012/07/17,14:40,07/18,05:00,12000,150,S28W65,11520,C9.9,07/17,13:48,255,176,958,PHTX,False,False
2012/07/19,05:30,07/19,06:20,5000,600,S13W88,11520,M7.7,07/19,05:24,,360,1631,PHTX,True,False
2012/07/23,02:30,07/23,21:40,16000,20,S17W132,11520,,07/23,02:36,,360,2003,PHTX,True,False
2012/08/31,20:00,08/31,23:45,16000,400,S25E59,11563,C8.1,08/31,20:00,,360,1442,PHTX,True,False
2012/09/27,23:55,09/28,10:15,16000,250,N06W34,11577,C3.7,09/28,00:12,,360,947,PHTX,True,False
2012/10/22,01:50,10/22,11:15,1000,200,S10E76,11598,M1.3,10/21,20:57,83,243,496,PHTX,False,False
2013/01/16,22:00,01/17,01:30,1000,200,S33W64,11650,C2.2,01/16,19:00,211,250,648,PHTX,False,False
2013/03/15,07:00,03/15,21:30,14000,100,N11E12,11692,M1.1,03/15,07:12,,360,1063,PHTX,True,False
2013/04/11,07:10,04/11,15:00,10000,200,N09E12,11719,M6.5,04/11,07:24,,360,861,PHTX,True,False
2013/04/18,18:00,04/18,19:10,16000,4000,N11W83,11719,C6.5,04/18,18:24,284,199,495,PHTX,False,False
2013/04/21,20:25,04/21,22:12,14000,1700,S19W53,11723,C2.7,04/21,20:36,255,212,562,PHTX,False,False
2013/05/13,02:20,05/13,03:00,16000,2000,N11E90,11748,X1.7,05/13,02:00,,360,1270,PHTX,True,False
2013/05/13,16:15,05/13,19:10,16000,300,N11E85,11748,X2.8,05/13,16:07,,360,1850,PHTX,True,False
2013/05/14,01:16,05/14,08:20,16000,240,N08E77,11748,X3.2,05/14,01:25,,360,2625,PHTX,True,False
2013/05/15,01:49,05/15,07:57,16000,230,N12E64,11748,X1.2,05/15,01:48,,360,1366,PHTX,True,False
2013/05/22,13:10,05/24,06:00,16000,150,N15W70,11745,M5.0,05/22,13:25,,360,1466,PHTX,True,False
2013/06/21,03:35,06/21,05:15,14000,2000,S16E73,11777,M2.9,06/21,03:12,123,207,1900,PHTX,False,True
2013/06/28,01:53,06/28,03:26,14000,400,S18W19,11777,C4.4,06/28,02:00,,360,1037,PHTX,True,False
2013/07/04,20:57,07/04,21:27,11000,2900,S14E62,11787,C6.8,07/04,20:12,111,188,468,PHTX,False,False
2013/08/06,02:01,08/06,02:11,14000,11000,N27E25,EP,B4.5,08/06,02:12,48,207,441,PHTX,False,False
2013/08/17,20:25,08/18,03:05,1800,150,S05W30,11818,M1.4,08/17,19:12,,360,1202,PHTX,True,False
2013/08/30,02:34,08/31,04:00,14000,50,N15E46,11836,C8.3,08/30,02:48,,360,949,PHTX,True,False
2013/09/06,22:29,09/06,22:34,5000,2000,N10E104,DIM,,09/06,20:48,90,182,734,PHTX,False,False
2013/09/29,21:53,09/30,21:00,14000,60,N17W29,EP,C1.3,09/29,22:12,,360,1179,PHTX,True,False
2013/10/02,20:46,10/02,21:10,10000,5200,N20W85,DIM,C1.2,10/02,20:36,309,263,619,PHTX,False,False
2013/10/05,07:00,10/05,14:46,16000,200,S22E118,11865,,10/05,07:09,,360,964,PHTX,True,False
2013/10/11,07:23,10/11,11:43,14000,100,N21E103,11869,,10/11,07:24,,360,1200,PHTX,True,False
2013/10/13,18:47,10/14,05:15,2100,600,S34W29,EP,,10/13,14:12,220,83,293,PHTX,False,False
2013/10/22,21:33,10/22,22:08,14000,650,N04W01,11875,M4.2,10/22,21:48,,360,459,PHTX,True,False
2013/10/25,15:08,10/25,22:32,16000,200,S06E69,11882,X2.1,10/25,15:12,,360,1081,PHTX,True,False
2013/10/26,03:01,10/26,04:00,14000,200,N09W44,11875,C4.5,10/26,03:12,271,208,473,PHTX,False,False
2013/10/26,09:34,10/26,10:10,14000,5000,N08W49,11875,M1.3,10/26,09:48,286,141,460,PHTX,False,False
2013/10/27,18:12,10/27,18:36,14000,1700,N06W70,11875,C9.1,10/27,18:12,308,189,795,PHTX,False,False
2013/10/28,04:41,10/28,11:51,14000,200,N08W71,11875,M5.1,10/28,04:48,315,156,1201,PHTX,False,False
2013/10/28,15:24,10/28,15:29,14000,9000,S06E28,11882,M4.4,10/28,15:36,,360,812,PHTX,True,False
2013/11/04,05:10,11/04,08:00,16000,450,N03W165,11875,,11/04,05:12,,360,1040,PHTX,True,False
2013/11/07,10:26,11/07,20:40,16000,100,N02E151,11899,,11/07,10:36,,360,1405,PHTX,True,False
2013/11/19,10:39,11/19,20:20,14000,100,S14W70,11893,X1.0,11/19,10:36,,360,740,PHTX,True,False
2013/11/29,22:18,11/30,09:20,1800,100,N06W183,11899,,11/29,17:24,251,188,465,PHTX,False,False
2013/12/05,12:45,12/05,13:00,4200,1600,S20E119,DIM,,12/05,10:24,133,148,549,PHTX,False,False
2013/12/05,20:48,12/05,21:35,14000,2500,,,,,,,,,PHTX LASCO_DATA_GAP,False,False
2013/12/07,07:43,12/07,08:36,14000,3000,S16W49,11909,M1.2,12/07,07:36,,360,1085,PHTX,True,False
2013/12/12,03:55,12/12,21:30,12000,70,S23W46,11912,C4.6,12/12,03:36,214,276,1002,PHTX,False,False
2013/12/20,08:23,12/20,13:24,1500,400,S19W93,11927,,12/20,04:36,255,26,337,PHTX,False,False
2013/12/28,17:31,12/28,18:05,16000,500,S15W125,11928,,12/28,17:36,,360,1118,PHTX,True,False
2014/01/04,17:41,01/04,18:47,9000,100,,,,,,,,,PHTX LASCO_DATA_GAP,False,False
2014/01/04,19:03,01/05,09:00,6500,100,,,,,,,,,PHTX LASCO_DATA_GAP,False,False
2014/01/06,07:57,01/06,22:30,14000,80,S15W112,11936,,01/06,08:00,,360,1402,PHTX,True,False
2014/01/07,18:27,01/08,21:00,14000,60,S15W11,11943,X1.2,01/07,18:24,,360,1830,PHTX,True,False
2014/01/20,22:24,01/20,22:36,14000,8000,S07E67,DIM,C3.6,01/20,22:00,,360,721,PHTX,True,False
2014/02/18,02:16,02/18,02:51,2000,900,S24W43,EP,,02/18,01:36,,360,779,PHTX,True,False
2014/02/20,08:05,02/20,08:29,12000,7700,S15W73,11976,M3.0,02/20,08:00,,360,948,PHTX,True,False
2014/02/25,00:56,02/25,11:28,14000,100,S12E82,11990,X4.9,02/25,01:25,,360,2147,PHTX,True,False
2014/03/04,18:24,03/04,20:10,16000,2000,N13W170,12005,,03/04,18:48,,360,794,PHTX,True,False
2014/03/05,13:33,03/05,17:10,16000,500,N14E180,,,03/05,13:48,,360,828,PHTX,True,False
2014/03/25,07:52,03/25,11:30,1700,400,S23W130,EP,,03/25,05:36,261,223,651,PHTX,False,False
2014/03/29,00:12,03/29,00:48,14000,2200,N11W23,12017,M2.6,03/28,23:48,325,138,514,PHTX,False,False
2014/03/29,17:59,03/30,09:58,14000,200,S08W152,12011,,03/29,18:12,,360,528,PHTX,True,False
2014/04/02,13:42,04/03,08:10,14000,60,N11E53,12027,M6.5,04/02,13:36,,360,1471,PHTX,True,False
2014/04/02,18:49,04/03,06:40,2400,200,N09E60,12030,C5.3,,,,,,PHTX unmeasured CME 04/02 18:36,False,False
2014/04/04,14:02,04/04,14:07,14000,11000,N13E26,12027,C8.3,04/04,14:12,54,96,467,PHTX,False,False
2014/04/18,13:05,04/18,22:50,14000,150,S20W34,12036,M7.3,04/18,13:25,,360,1203,PHTX,True,False
2014/05/07,16:24,05/07,23:18,16000,200,S11W100,12051,,05/07,16:24,,360,923,PHTX,True,False
2014/05/08,03:21,05/08,05:26,16000,1100,S09W108,12051,,05/08,03:24,,360,847,PHTX,True,False
2014/05/09,02:40,05/09,04:30,14000,500,S11W122,12051,,05/09,02:48,,360,1099,PHTX,True,False
2014/05/10,04:32,05/10,08:37,16000,400,S11W136,12051,,05/10,04:36,,360,1086,PHTX,True,False
2014/06/10,12:58,06/10,15:00,16000,1000,S17E82,12087,X1.5,06/10,13:30,,360,1469,PHTX,True,False
2014/06/12,22:14,06/12,22:35,14000,6000,S20W55,12085,M3.1,06/12,22:12,233,186,684,PHTX,False,False
2014/07/30,07:44,07/30,08:00,6300,4500,N10E30,,C1.5,07/30,07:00,13,254,700,PHTX,False,False
2014/08/01,18:58,08/02,05:00,1000,150,S10E11,12127,M1.5,08/01,18:36,,360,789,PHTX,True,False
2014/08/22,10:37,08/22,11:18,14000,6000,N12E01,12146,C2.2,08/22,11:12,,360,600,PHTX,True,False
2014/08/25,15:20,08/25,16:02,14000,4000,N05W36,12146,M2.0,08/25,15:36,,360,555,PHTX,True,False
2014/08/25,20:43,08/25,21:00,14000,7200,N07W43,12146,M3.9,08/25,20:48,273,177,711,PHTX,False,False
2014/08/28,17:05,08/28,22:08,16000,600,S19E162,12157,,08/28,17:24,,360,766,PHTX,True,False
2014/09/01,11:12,09/01,20:05,16000,150,N14E127,12158,,09/01,11:12,,360,1901,PHTX WAVES Data Gap. SWAVES data,True,False
2014/09/09,00:05,09/09,13:00,11000,100,N12E29,12158,M4.5,09/09,00:06,,360,920,PHTX,True,False
2014/09/10,17:45,09/11,12:00,14000,100,N14E02,12158,X1.6,09/10,18:00,,360,1267,PHTX,True,False
2014/09/20,05:10,09/20,05:30,14000,9700,S11W89,12164,,09/20,05:24,292,87,426,PHTX,False,False
2014/09/22,06:13,09/22,06:50,16000,4900,N14W142,12158,,09/22,06:12,342,252,618,PHTX,False,False
2014/09/23,23:41,09/23,23:47,14000,12000,S13E33,12172,M2.3,09/23,23:36,109,134,331,PHTX,False,False
2014/09/24,20:54,09/24,23:48,16000,500,N13E179,EP,,09/24,21:30,,360,1350,PHTX,True,False
2014/10/02,21:34,10/02,21:56,3300,1900,S17W82,12173,M7.3,10/02,19:12,264,159,513,PHTX faint,False,False
2014/10/10,18:11,10/10,18:33,2500,1500,S20W51,EP,C3.0,10/10,16:12,309,210,782,PHTX,False,True
2014/10/21,12:33,10/21,13:01,14000,8900,S18E36,12192,C4.4,10/21,12:48,152,142,260,PHTX,False,False
2014/11/08,16:57,11/08,17:18,14000,7800,W90b,12203,,11/08,16:36,305,141,426,PHTX,False,False
2014/12/13,14:27,12/13,14:51,14000,3900,S20W143,12222,,12/13,14:24,,360,2222,PHTX,True,False
2014/12/17,04:09,12/17,04:19,2900,2100,S11E33,12241,M1.1,12/17,02:00,107,108,869,PHTX,False,False
2014/12/17,05:00,12/17,05:09,14000,11500,S20E09,12242,M8.7,12/17,05:00,,360,587,PHTX,True,False
2014/12/18,22:31,12/18,22:54,5100,1300,S11E15,12241,M6.9,12/19,01:04,,360,1195,PHTX PARTIAL LASCO_DATA_GAP,True,False
2014/12/21,12:05,12/21,12:28,14000,7400,S14W25,12241,M1.0,12/21,12:12,,360,669,PHTX,True,False
2015/03/03,02:33,03/03,02:37,8100,3600,W90b,12290,M8.2,03/03,01:48,329,213,764,PHTX,False,False
2015/03/06,08:00,03/06,11:30,4700,200,S20E87,12297,M1.5,03/06,07:12,83,155,880,PHTX,False,False
2015/03/10,00:10,03/10,00:27,14000,6200,S18E45,12297,M5.8,03/10,00:00,,360,995,PHTX,True,False
2015/03/11,10:30,03/11,14:50,1000,250,S15E23,12297,M2.6,03/11,08:24,62,93,530,PHTX,False,False
2015/03/24,09:00,03/24,11:47,14000,400,SW90b,DIM,,03/24,08:24,,360,1794,PHTX,True,False
2015/04/26,03:21,04/26,03:33,8000,4600,W90b,DIM,,04/26,03:24,,360,820,PHTX,True,False
2015/05/05,22:24,05/05,23:14,14000,500,N15E79,12339,X2.7,05/05,22:24,,360,715,PHTX,True,False
2015/05/12,03:00,05/12,03:04,14000,6400,S12W92,EP,C2.6,05/12,02:48,286,250,772,PHTX uncertain,False,False
2015/06/09,20:23,06/09,22:35,2300,200,S03E25,12364,C2.8,06/09,20:12,77,262,1036,PHTX,False,False
2015/06/14,05:26,06/14,05:41,3000,1250,S12W34,12365,C5.9,06/14,04:12,199,195,1228,PHTX,False,False
2015/06/18,17:42,06/18,19:40,3700,500,N15E50,12371,M3.0,06/18,17:24,,360,1305,PHTX,True,False
2015/06/21,02:33,06/21,21:20,5500,150,N12E16,12371,M2.0,06/21,02:36,,360,1366,PHTX,True,False
2015/06/22,18:20,06/22,21:55,14000,300,N12W08,12371,M6.5,06/22,18:36,,360,1209,PHTX,True,False
2015/06/25,08:35,06/25,16:30,14000,150,N09W42,12371,M7.9,06/25,08:36,,360,1627,PHTX,True,False
2015/07/01,16:08,07/01,20:47,1000,150,W90b,DIM,,07/01,14:36,,360,1435,PHTX,True,False
2015/08/22,07:07,08/22,07:18,14000,7300,S15E13,12403,M1.2,08/22,07:12,,360,547,PHTX,True,False
2015/09/18,04:54,09/18,09:52,14000,400,S21W10,12415,C2.6,09/18,05:00,201,131,823,PHTX,False,False
2015/09/20,18:23,09/21,01:46,14000,300,S20W24,12415,M2.1,09/20,18:12,,360,1239,PHTX,True,False
2015/11/04,14:07,11/04,15:14,14000,440,N09W04,12443,M3.7,11/04,14:48,,360,578,PHTX,True,False
2015/11/09,13:21,11/09,13:27,14000,9000,S11E41,12449,M3.9,11/09,13:25,142,273,1041,PHTX,False,False
2015/12/16,08:45,12/16,08:57,5300,3800,S13W04,12468,C6.6,12/16,09:36,,360,579,PHTX,True,False
2015/12/23,01:18,12/23,01:23,12000,6700,S22E63,12473,M4.7,12/23,01:25,98,89,520,PHTX,False,False
2015/12/28,11:50,12/28,21:45,14000,180,S23W11,12473,M1.8,12/28,12:12,,360,1212,PHTX,True,False
2016/01/02,00:55,01/02,03:08,1100,300,S25W82,12473,M2.3,01/01,23:24,,360,1730,PHTX,True,False
2016/02/05,22:35,02/05,23:31,5200,500,S17W29,,,02/05,21:24,193,155,445,PHTX uncertain,False,False
2016/05/04,14:20,05/04,14:34,14000,10500,N06W61,12535,C1.3,05/04,14:12,255,134,390,PHTX,False,False
2016/08/15,18:21,08/15,18:28,11000,3400,N25E97,EP,,08/15,17:24,75,98,633,PHTX,False,False
2017/04/23,06:00,04/23,06:13,15000,8300,N16E41,,,04/23,06:00,85,77,955,PHTX,False,False
2017/07/14,01:18,07/14,21:30,14000,70,S06W29,12665,M2.4,07/14,01:25,,360,1200,PHTX,True,False
2017/07/23,05:27,07/23,06:12,4400,900,S09W151,,,07/23,04:48,,360,1848,PHTX faint,True,False
2017/09/04,20:27,09/05,04:54,14000,210,S10W12,12673,M5.5,09/04,20:12,,360,1418,PHTX,True,False
2017/09/06,12:05,09/07,08:00,16000,70,S08W33,12673,X9.3,09/06,12:24,,360,1571,PHTX,True,False
2017/09/10,16:02,09/11,06:50,16000,150,S09W92,12673,X8.2,09/10,16:00,,360,3163,PHTX onset has WAVES Data Gap,True,False
2017/09/12,07:38,09/12,07:43,16000,13000,N08E48,12680,C3.0,09/12,08:03,124,96,252,PHTX uncertain,False,False
2017/09/17,11:45,09/17,12:35,16000,900,S08E170,,,09/17,12:00,,360,1385,PHTX SWAVES data,True,False
2017/10/18,05:48,10/18,12:40,16000,400,S06E123,,,10/18,08:00,85,146,1001,"PHTX SWAVES data, faint in WAVES",False,False
2019/05/03,23:52,05/04,00:16,13000,2300,N12E82,12740,C1.0,05/03,23:24,90,113,692,PHTX,False,False
2020/11/29,13:07,11/29,15:23,14000,850,S23E89,12790,M4.4,11/29,13:25,,360,2077,PHTX,True,False
2020/12/07,16:18,12/08,02:00,14000,160,S25W08,12790,C7.4,12/07,16:24,,360,1407,PHTX,True,False
2021/04/17,16:56,04/17,16:59,10000,8700,S18E113,,,04/17,16:36,101,146,763,PHTX,False,False
2021/04/19,23:49,04/20,00:37,14000,2300,S24E25,12816,M1.1,04/20,00:24,85,107,427,"PHTX end has WAVES Data Gap, SWAVES data",False,False
2021/05/07,19:16,05/07,19:27,9500,7500,N17E78,12822,M3.9,05/07,19:24,76,114,754,PHTX uncertain,False,False
2021/05/28,23:09,05/29,06:36,14000,120,N21W63,12824,C9.4,05/28,23:12,245,197,971,PHTX,False,False
2021/07/13,18:39,07/13,18:50,2100,1100,E90b,,,07/13,19:00,,360,1101,PHTX,True,False
2021/07/15,22:04,07/15,22:37,5100,1600,E90b,,,07/15,21:36,,360,1476,PHTX,True,False
2021/07/24,00:31,07/24,00:45,14000,7000,S16E52,12849,C6.4,07/24,00:36,108,160,587,PHTX faint,False,False
2021/08/26,18:39,08/26,20:00,14000,1250,N20E14,12859,C3.0,08/26,18:48,,360,644,PHTX,True,False
2021/09/08,00:21,09/08,00:25,14000,11500,N22W39,12864,C2.3,09/07,23:36,211,40,592,PHTX,False,False
2021/09/28,06:37,09/28,07:06,14000,6500,S26W43,12871,C1.6,09/28,06:24,206,265,524,PHTX,False,False
2021/10/09,06:51,10/09,07:39,14000,4100,N17E09,12882,M1.6,10/09,07:12,,360,712,PHTX,True,False
2021/10/28,15:37,10/28,16:45,12000,500,S28W01,12887,X1.0,10/28,15:48,,360,1519,PHTX uncertain,True,False
2021/11/01,01:45,11/01,02:06,14000,6700,S29W45,12887,M1.5,11/01,02:00,201,274,753,PHTX,False,False
2021/11/02,02:36,11/02,06:45,14000,340,N19E04,12891,M1.7,11/02,02:48,,360,1473,PHTX,True,False
2021/11/09,17:04,11/09,17:28,14000,4000,N20W99,12891,M2.0,11/09,16:48,279,176,1350,PHTX,False,False
2022/01/12,04:39,01/12,05:24,14000,3700,N36E115,12932,,01/12,04:36,,360,1586,PHTX,True,False
2022/01/18,17:57,01/18,18:10,14000,7000,N09W54,12929,M1.5,01/18,17:48,294,153,1014,PHTX uncertain,False,False
2022/01/20,06:02,01/20,06:41,14000,2200,N08W68,12929,M5.5,01/20,06:12,270,211,1431,PHTX,False,False
2022/01/20,23:31,01/29,23:43,9000,6100,N18E06,12936,M1.1,01/29,23:36,,360,530,PHTX faint,True,False
2022/02/06,13:15,02/06,13:19,14000,11000,S20W07,12939,C3.1,02/06,14:00,,360,334,PHTX,True,False
2022/02/12,09:08,02/12,09:16,14000,9500,S19W84,12939,M1.4,02/12,09:12,268,102,280,PHTX,False,False
2022/02/13,02:32,02/13,02:39,14000,11000,W90b,DIM,,02/13,02:36,280,114,332,PHTX,False,False
2022/02/15,22:22,02/15,22:49,14000,500,NE90b,DIM,,02/15,22:12,,360,1905,PHTX,True,False
2022/03/12,03:13,03/12,03:38,1800,750,S28W63,12964,M2.2,03/12,00:12,242,112,506,PHTX uncertain,False,False
2022/03/25,05:35,03/25,05:43,14000,5000,S18E37,12974,M1.4,03/25,05:48,,369,495,PHTX,True,False
2022/03/31,19:27,03/31,19:56,14000,1800,N12W47,12975,M9.6,03/31,19:12,,360,489,PHTX,True,False
2022/04/02,13:33,04/02,15:05,14000,700,N12W68,12975,M3.9,04/02,13:36,,360,1433,PHTX,True,False
2022/04/11,05:31,04/11,06:10,14000,4300,S14E06,,C1.6,04/11,05:48,,360,940,PHTX,True,False
2022/04/15,13:20,04/15,13:42,9000,1250,N13E107,12994,M2.2,04/15,12:04,93,212,796,PHTX uncertain,False,False
2022/04/21,02:20,04/21,02:22,14000,12000,N22E23,12993,M9.6,04/21,02:24,38,90,357,PHTX,False,False
2022/04/27,15:54,04/27,19:05,2700,400,N26W16,12996,C7.6,04/27,15:05,291,127,807,PHTX,False,False
2022/04/29,07:36,04/29,08:20,2000,450,N25W37,12996,M1.2,04/29,07:36,272,245,1292,PHTX,False,False
2022/04/30,13:58,04/30,14:01,14000,11500,W90b,12994,X1.1,04/30,14:00,260,187,498,PHTX,False,False
2022/05/08,22:50,05/08,23:32,2700,1200,S25E88,13007,C2.1,05/08,22:24,94,175,602,PHTX uncertain,False,False
2022/05/11,18:35,05/11,18:39,8900,3300,S24E41,13007,M1.6,05/11,18:24,101,73,534,PHTX,False,False
2022/05/11,18:47,05/11,18:54,14000,7700,W90b,13004,M2.6,05/11,18:36,237,194,1100,PHTX,False,False
2022/05/28,16:08,05/28,16:11,14000,12500,SE90b,DIM,,05/28,15:12,134,187,568,PHTX,False,False
2022/06/13,03:31,06/13,06:03,14000,1800,N26E53,13032,M3.4,06/13,03:12,,360,1150,PHTX,True,False
2022/07/05,04:23,07/05,04:32,14000,10500,S20W18,13047,C9.8,07/05,04:36,237,259,747,PHTX,False,False
2022/07/08,20:30,07/08,20:51,9000,1400,N20E40,13053,M2.5,07/08,20:36,,360,1223,PHTX uncertain,True,False
2022/07/09,13:57,07/09,15:15,14000,4400,S22W84,13047,C8.5,07/09,13:48,261,148,1034,PHTX,False,False
2022/07/21,01:32,07/21,02:20,14000,1000,N13W02,13060,C5.6,07/21,01:48,,360,875,PHTX,True,False
2022/08/18,11:21,08/18,11:32,14000,8000,S27W37,13078,M1.5,08/18,11:00,,360,1327,PHTX uncertain,True,False
2022/08/26,14:08,08/26,14:28,12000,1800,S27W58,13088,M3.6,08/26,13:36,266,184,737,PHTX,False,False
2022/08/27,03:37,08/27,13:00,1600,140,S19W58,13088,M4.8,08/27,02:24,,360,1284,PHTX,True,False
2022/09/29,12:15,09/29,13:01,14000,3100,N24E111,13112,C5.7,09/29,12:12,105,197,416,PHTX,False,False
2022/10/02,06:40,10/02,07:02,1500,1300,NW90b,DIM,,10/02,05:12,302,116,239,PHTX uncertain,False,False
2022/10/02,20:27,10/02,20:42,14000,1000,N18W50,13110,X1.0,10/02,20:36,,360,1086,PHTX uncertain,True,False
2022/10/04,13:26,10/04,13:30,14000,5800,N17W66,13110,M1.6,10/04,13:25,314,67,1089,PHTX uncertain,False,False
2023/01/03,06:35,01/03,06:40,14000,11000,E90b,DIM,C3.2,01/03,06:36,,360,1129,PHTX uncertain,True,False
2023/01/12,23:21,01/12,23:42,11000,4000,W90b,DIM,,01/12,22:00,250,198,1075,PHTX,False,False
2023/01/19,22:06,01/19,23:53,14000,2000,NW90b,DIM,,01/19,19:48,307,81,1073,PHTX,False,False
2023/02/11,12:00,02/11,18:20,5500,190,N34E24,EP,,02/11,11:12,,360,1498,PHTX,True,False
2023/02/17,20:30,02/18,04:45,10000,180,N25E64,13229,X2.2,02/17,20:12,,360,1315,PHTX,True,False
2023/02/21,20:23,02/21,20:29,8200,2700,NE90b,DIM,,02/21,20:48,55,69,413,PHTX,False,False
2023/02/24,20:41,02/24,21:13,14000,1300,N28W28,13229,M3.7,02/24,20:36,,360,1336,PHTX end has WAVES Data Gap,True,False
2023/03/03,18:14,03/03,19:32,14000,1100,N22W80,13234,X2.1,03/03,18:12,,360,709,PHTX,True,False
2023/03/13,03:41,03/13,09:50,11900,200,E90b,DIM,,03/13,03:36,,360,1699,PHTX,True,False
2023/03/13,10:36,03/13,10:53,4000,1200,N27E07,13217,C3.1,03/13,10:36,326,123,1015,PHTX,False,False
2023/03/20,15:00,03/20,16:22,14000,1700,N32E26,13258,C4.4,03/20,14:42,,360,727,PHTX,True,False
2023/03/28,00:08,03/28,00:30,14000,5600,NW90b,DIM,,03/27,23:36,298,227,622,PHTX faint,False,False
2023/04/21,18:06,04/21,22:26,14000,240,S22W11,13283,M1.7,04/21,18:12,,360,1284,PHTX,True,False
2023/04/27,03:01,04/27,05:15,8500,900,N15E56,13289,C2.6,04/27,02:36,245,68,817,PHTX,False,False
2023/05/03,07:36,05/03,07:48,2500,800,S19W83,13285,C9.6,05/03,08:12,207,32,330,PHTX CME uncertain,False,False
2023/05/04,09:42,05/04,10:55,5200,400,N17E43,13296,M3.9,05/04,08:48,,360,810,PHTX,True,False
2023/05/05,08:04,05/05,08:50,14000,1300,N14E32,13296,M2.1,05/05,08:00,,360,770,PHTX,True,False
2023/05/07,22:57,05/08,00:10,14000,600,N16W06,13296,M1.6,05/07,23:12,,360,1075,PHTX,True,False
2023/05/09,18:51,05/09,20:20,16000,1250,N13W31,13296,M4.2,05/09,19:00,,360,1209,PHTX,True,False
2023/06/17,10:37,06/17,10:42,14000,5500,S22E85,EP,,06/17,10:48,113,154,570,PHTX,False,False
2023/06/20,17:54,06/20,18:30,14000,2000,S17E73,13341,X1.1,06/20,17:12,,360,1113,PHTX,True,False
2023/07/04,04:21,07/04,05:40,4100,1200,S22E12,13359,,07/04,04:12,149,276,535,PHTX,False,False
2023/07/10,03:53,07/10,15:00,14000,270,S13W49,13358,M2.4,07/10,04:00,,360,1160,PHTX end uncertain,True,False
2023/07/11,19:58,07/11,21:21,14000,2400,S32E07,EP,,07/11,19:24,,360,826,PHTX onset uncertain,True,False
2023/07/14,19:53,07/14,20:27,9500,3400,S16E12,13370,C8.8,07/14,19:03,188,216,862,PHTX interaction feature?,False,False
2023/07/15,08:59,07/15,09:04,6000,2100,N21W122,13360,C4.6,07/15,08:33,234,62,983,PHTX,False,False
2023/07/15,20:11,07/15,21:13,14000,1400,N21W130,13360,,07/15,20:06,,360,1815,PHTX best seen by PSP,True,False
2023/07/16,05:43,07/16,06:10,2300,1100,N21W132,13360,,07/16,04:42,,360,1970,PHTX,True,False
2023/07/16,13:48,07/16,14:05,6000,1800,N21W140,13360,,07/16,13:41,,360,1829,PHTX,True,False
2023/07/16,14:10,07/16,15:03,13000,1600,N21W140,13360,,07/16,13:41,,360,1829,PHTX,True,False
2023/07/17,23:44,07/18,05:55,14000,160,S26W78,13363,M5.7,07/17,23:36,,360,1385,PHTX,True,False
2023/07/28,15:57,07/28,16:13,14000,6300,N23W105,13376,M4.1,07/28,16:00,,360,1896,PHTX,True,False
2023/08/01,20:26,08/01,20:45,2500,1050,N17E58,DIM,C5.2,08/01,20:24,67,110,470,PHTX,False,False
2023/08/02,08:22,08/02,08:34,14000,5700,N08W27,13386,C9.3,08/02,09:12,,360,572,PHTX,True,False
2023/08/05,07:02,08/05,07:59,16000,2200,N10W63,13386,M1.6,08/05,07:00,,360,1000,PHTX,True,False
2023/08/05,22:27,08/06,00:00,4000,500,N11W77,13386,X1.6,08/05,22:12,,360,1647,PHTX,True,False
2023/08/06,20:03,08/06,21:06,4200,2300,N07W86,13386,M5.5,08/06,18:48,242,236,1182,PHTX,False,False
2023/08/07,21:02,08/07,21:46,6800,1850,N14W103,13386,X1.5,08/07,20:48,,360,1851,PHTX faint,True,False
2023/08/10,02:51,08/10,03:03,16000,7000,S21W78,13398,C5.5,08/10,02:36,250,183,674,PHTX,False,False
2023/08/18,19:41,08/18,20:13,14000,9000,N19W43,13409,C3.7,08/18,19:48,303,85,456,PHTX,False,False
2023/08/20,07:01,08/20,07:06,3100,2500,N21W60,13409,C3.7,08/20,06:45,285,26,380,PHTX uncertain,False,False
2023/08/30,23:25,08/31,01:47,3500,1150,N26W11,EP,,08/30,22:00,143,263,422,PHTX,False,False
2023/08/31,04:30,08/31,05:08,3500,1350,N18W48,13413,,08/31,04:12,296,112,750,PHTX interaction?,False,False
2023/09/03,09:20,09/03,10:50,16000,4000,N15W95,13413,M6.0,09/03,09:12,305,249,1349,PHTX,False,False
2023/09/05,20:29,09/05,22:00,12000,600,N09W134,13414,,09/05,20:36,,360,969,PHTX,True,False
2023/09/08,11:34,09/08,11:56,16000,8100,N11W163,13413,,09/08,11:36,,360,1001,PHTX,True,False
2023/09/19,09:53,09/19,10:02,16000,9100,N07E51,13435,M1.8,09/19,10:00,141,125,418,PHTX,False,False
2023/09/19,20:26,09/19,20:35,16000,7200,N08E45,13435,M4.0,09/19,20:36,146,114,483,PHTX,False,False
2023/09/19,22:47,09/19,23:00,16000,11100,N08E41,13435,C9.7,09/19,23:12,81,89,383,PHTX,False,False
2023/09/21,13:52,09/21,14:02,2500,1800,N08E22,13435,M8.7,09/21,13:36,184,84,593,PHTX uncertain,False,False
2023/10/17,05:32,10/17,05:43,14000,2000,S20W32,13463,C2.2,10/17,05:24,206,205,610,PHTX uncertain,False,False
2023/10/26,23:20,10/26,23:37,14000,6000,N20E86,EP,M1.4,10/26,23:14,,360,1238,PHTX,True,False
2023/11/28,19:42,11/28,20:06,14000,1000,S16W00,13500,M9.8,11/28,20:12,,360,741,PHTX uncertain,True,False
2023/12/14,17:36,12/14,22:00,14000,330,N08W53,13514,X2.8,12/14,17:12,,360,948,PHTX,True,False
2023/12/31,21:57,01/01,00:50,16000,330,N04E73,13536,X5.0,12/31,22:00,,360,2852,PHTX end uncertain,True,False
2024/01/10,19:21,01/10,19:50,12500,6000,N10W50,13536,C6.5,01/10,19:24,276,192,736,PHTX,False,False
2024/01/14,12:00,01/14,12:18,14000,6000,N01W89,13543,C9.6,01/14,12:00,254,215,883,PHTX,False,False
2024/01/20,09:13,01/20,09:24,14000,5000,S16E17,EP,C3.5,01/20,09:12,,360,850,PHTX,True,False
2024/01/29,04:27,01/29,05:27,14000,4000,N25W70,13559,M6.8,01/29,04:24,,360,1554,PHTX multilane,True,False
2024/02/06,12:43,02/06,14:06,3800,650,N90b,DIM,,02/06,11:48,,360,980,"PHTX end time SWAVES, best seen by PSP",True,False
2024/02/07,03:31,02/07,03:39,14000,8500,S40W78,13575,M5.1,02/07,03:24,,360,1452,PHTX,True,False
2024/02/09,13:17,02/09,15:30,14000,600,S37W111,13575,X3.3,02/09,13:25,,360,2782,PHTX multilane,True,False
2024/02/10,03:52,02/10,05:17,14000,1200,S15E83,13584,M3.4,02/10,03:48,,360,1418,PHTX,True,False
2024/02/10,07:04,02/10,07:15,14000,4000,S16E03,13576,C8.1,02/10,06:48,197,206,805,PHTX,False,False
2024/02/10,23:17,02/10,23:35,14000,7500,S10W12,13576,M9.0,02/10,23:36,,360,817,PHTX,True,False
2024/02/12,06:38,02/12,09:00,14000,250,S36W135,13575,,02/12,06:36,,360,2792,PHTX end time uncertain,True,False
2024/02/14,04:16,02/14,06:08,14000,950,SW90b,DIM,,02/14,04:12,,360,2191,PHTX,True,False
2024/02/15,09:37,02/15,10:40,14000,2700,S90b,DIM,,02/15,09:24,,360,1751,PHTX,True,False
2024/02/16,07:07,02/16,07:09,14000,12000,S19W86,13576,X2.5,02/16,06:36,215,128,615,PHTX uncertain,False,False
2024/02/17,14:05,02/17,14:12,14000,8000,SE90b,,,02/17,13:36,,360,1234,PHTX best seen by PSP,True,False
2024/02/17,14:43,02/17,16:45,6500,450,SE90b,,,02/17,14:48,,360,1744,PHTX best seen by PSP,True,False
2024/02/20,00:08,02/20,00:55,14000,4500,SW90b,,,02/19,23:24,282,145,781,PHTX uncertain,False,False
2024/03/08,03:50,03/08,04:15,14000,3800,NW90b,,,03/08,04:17,317,168,514,PHTX best seen by PSP,False,False
2024/03/21,18:47,03/21,19:00,14000,4500,N31E28,13614,C5.8,03/21,18:36,22,180,670,PHTX multilane,False,False
2024/03/23,01:26,03/24,02:40,14000,80,N27E08,13614,X1.1,03/23,01:25,,360,1470,PHTX multilane,True,False
2024/04/21,21:56,04/21,22:23,14000,4000,S17W37,13638,M3.4,04/21,22:12,207,156,708,PHTX multilane,False,False
2024/04/23,18:00,04/23,19:00,16000,5600,S08W59,13645,M2.9,04/23,18:00,243,173,596,PHTX onset from SWAVES,False,False
2024/05/03,02:25,05/03,02:28,5000,2500,N25E07,13663,X1.1,05/03,02:48,,360,808,"PHTX WAVES Data Gap, SWAVES data",True,False
2024/05/08,05:21,05/08,05:25,12000,9300,S22W11,13664,X1.0,05/08,05:36,,360,530,PHTX uncertain,True,False
2024/05/08,12:11,05/08,12:31,3700,2500,S20W17,13664,M8.7,05/08,12:24,,360,677,PHTX uncertain,True,False
2024/05/08,21:44,05/08,22:19,11000,1300,S20W17,13664,X1.1,05/08,22:24,,360,952,PHTX multilane,True,False
2024/05/09,09:20,05/09,09:24,14000,1700,S20W26,13664,X2.2,05/09,09:24,,360,1280,PHTX multilane,True,False
2024/05/09,11:59,05/09,12:03,7000,2200,S16W40,13664,M3.1,05/09,12:24,294,53,561,PHTX,False,False
2024/05/09,18:02,05/09,18:17,2400,650,S14W28,13664,X1.1,05/09,18:52,,360,1024,PHTX multilane,True,False
2024/05/10,06:55,05/10,06:57,4300,1800,S17W34,13664,X3.9,05/10,07:12,,360,953,PHTX,True,False
2024/05/11,01:33,05/11,06:29,16000,210,S15W45,13664,X5.8,05/11,01:36,,360,1614,"PHTX multilane, onset from SWAVES",True,False
2024/05/13,09:32,05/13,12:13,8500,640,S20W81,13664,M6.6,05/13,08:48,,360,1690,PHTX multilane,True,False
2024/05/14,02:12,05/14,03:19,3400,230,S19W88,13664,X1.7,05/14,02:00,274,172,805,"PHTX multilane, PSP onset at higher freq, interaction?",False,False
2024/05/14,12:56,05/14,13:06,3500,2100,S17W92,13664,X1.2,05/14,13:00,266,78,749,PHTX PSP another later onset at higher freq,False,False
2024/05/14,17:00,05/14,23:40,7800,230,S18W96,13664,X8.7,05/14,17:00,,360,2010,PHTX end from SWAVES,True,False
2024/05/14,18:07,05/14,19:25,10000,2800,N17E72,13682,M4.5,05/14,17:48,,360,1407,PHTX,True,False
2024/05/15,08:33,05/15,08:45,12000,3800,S18W98,13664,X3.5,05/15,08:36,,360,1648,PHTX PSP end time much later,True,False
2024/05/15,10:37,05/15,11:38,14000,1800,N36E34,DIM,,05/15,10:36,356,86,556,PHTX,False,False
2024/05/15,11:43,05/15,11:58,11000,3800,SW90b,13664,M3.6,05/15,10:48,254,114,993,PHTX,False,False
2024/05/17,22:05,05/17,22:45,14000,4500,S10E67,13685,M7.3,05/17,21:12,92,260,1098,PHTX,False,False
2024/05/20,05:38,05/20,06:21,10500,1300,S18W171,13664,,05/20,05:36,,360,1459,PHTX,True,False
2024/05/27,07:24,05/27,07:35,14000,7400,SE90b,,X2.8,05/27,07:24,,360,1292,PHTX uncertain,True,False
2024/06/01,20:26,06/01,21:58,5000,1500,S19E18,13697,M7.3,06/01,18:48,,360,946,PHTX,True,False
2024/06/08,01:43,06/08,05:20,16000,600,S18W53,13697,M3.3,06/08,01:48,,360,1427,"PHTX RAD1 Data Gap, SWAVES data",True,False
2024/06/21,23:49,06/22,00:37,16000,1800,E90b,DIM,,06/21,23:48,66,268,1388,"PHTX RAD1 Data Gap, SWAVES data",False,False
2024/07/04,14:36,07/04,15:36,16000,5200,S20W73,13732,M1.0,07/04,14:36,245,131,305,PHTX SWAVES data,False,False
2024/07/16,13:44,07/16,15:47,16000,1400,S06W85,13738,X1.9,07/16,13:36,278,236,580,PHTX SWAVES data,False,False
2024/07/16,22:36,07/16,23:18,13000,4000,N18W10,13744,M9.1,07/16,23:24,,360,402,PHTX multilane,True,False
2024/07/21,16:31,07/21,17:17,2400,340,N17E21,13757,M1.0,07/21,16:48,,360,601,PHTX end time uncertain,True,False
2024/07/23,14:18,07/23,15:10,16000,4700,S10E77,13765,M2.4,07/23,14:12,,360,1031,PHTX multilane,True,False
2024/07/26,21:08,07/26,21:19,3000,2500,S20W07,13768,EP,07/26,20:36,147,198,540,PHTX end time uncertain,False,False
2024/07/27,05:53,07/27,16:07,4800,3000,N90b,,,07/27,04:48,,360,1426,PHTX uncertain,True,False
2024/07/28,10:51,07/28,12:00,4900,650,S11W40,13762,M7.7,07/28,11:12,289,50,918,PHTX CME revised on 2025/08/13,False,False
2024/07/28,22:22,07/29,00:22,1500,1000,S15W25,13768,M1.7,07/28,14:36,197,188,612,"PHTX SWAVES data, uncertain CME",False,False
2024/07/29,18:10,07/29,23:15,1400,400,S11W56,13762,M1.6,07/29,13:25,,360,956,"PHTX SWAVES data, uncertain CME",True,False
2024/08/01,12:15,08/01,16:43,2100,800,S16W80,13768,M4.1,08/01,11:36,130,123,1803,PHTX SWAVES data,False,False
2024/08/02,10:55,08/02,13:30,1050,500,S14W90,13768,M7.3,08/02,05:00,269,203,1141,PHTX SWAVES data,False,False
2024/08/04,15:45,08/04,19:31,16000,2800,S09E69,13780,M2.2,08/04,15:27,102,137,701,"PHTX faint, SWAVES data",False,False
2024/08/05,06:10,08/05,07:29,16000,1500,S11E62,13780,M6.1,08/05,05:36,173,45,973,PHTX SWAVES data,False,False
2024/08/05,15:51,08/05,15:54,14000,12500,S08E55,13780,X1.1,08/05,15:48,97,160,502,PHTX,False,False
2024/08/07,14:05,08/07,14:21,16000,5000,S11E09,13777,M5.4,08/07,14:12,,360,658,PHTX,True,False
2024/08/08,20:13,08/08,20:31,14000,8000,S03W23,13777,X1.3,08/08,19:48,,360,789,PHTX,True,False
2024/08/09,21:25,08/09,21:58,14000,2100,S04W40,13774,M4.5,08/09,21:36,,360,638,PHTX faint,True,False
2024/08/14,18:15,08/15,01:10,1400,550,N12E05,13784,X1.1,08/14,08:24,,360,570,"PHTX SWAVES data, uncertain CME",True,False
2024/09/09,03:20,09/09,08:50,2000,230,S08W94,DIM,M1.0,09/09,00:36,266,211,836,"PHTX SWAVES data, uncertain, very faint",False,False
2024/09/09,05:30,09/09,05:46,16000,5500,E90b,,,09/09,05:24,,360,1522,PHTX,True,False
2024/09/14,15:34,09/15,08:40,16000,170,S15E56,13825,X4.5,09/14,15:36,,360,2366,PHTX,True,False
2024/09/22,21:37,09/23,05:55,12000,200,S20E63,13835,M3.7,09/22,21:36,,360,1256,PHTX,True,False
